form	lemma	POS	morph
༈		PUNCT
སེམས་	སེམས་	NOUN
དང་	དང་	NO_POS
ཡེ་ཤེས་	ཡེ་ཤེས་	NOUN
ཀྱི་	གི་	PART
དྲིས་ལན་	དྲིས་ལན་	NOUN
ཞེ་	ཅེས་	PART
བྱ་བ་	བྱ་བ་	VERB
བཞུགས་	བཞུགས་	VERB
།		PUNCT
སེམས་	སེམས་	NOUN
དང་	དང་	NO_POS
ཡེ་ཤེས་	ཡེ་ཤེས་	NOUN
བརྟག་པ་	བརྟག་པ་	VERB
འི་	གི་	PART
མན་ངག་	མན་ངག་	NOUN
ཅེས་བྱ་བ་	ཅེས་བྱ་བ་	NO_POS
།		PUNCT
སངས་རྒྱས་	སངས་རྒྱས་	NOUN
དང་	དང་	NO_POS
བྱང་ཆུབ་	བྱང་ཆུབ་	NOUN
སེམས་དཔའ་	སེམས་དཔའ་	NOUN
ཐམས་ཅད་	ཐམས་ཅད་	DET
ལ་	ལ་	PART
ཕྱག་	ཕྱག་	NOUN
འཚལ་	འཚལ་	VERB
ལོ་	གོ་	PART
། །		PUNCT
གང་	གང་	NO_POS
ཐུགས་	ཐུགས་	NOUN
གཉིས་	གཉིས་	NUM
མེད་	མེད་	VERB
ཆུ་གཏེར་	ཆུ་གཏེར་	OTHER
དག་པ་	དག་པ་	VERB
འི་	གི་	PART
དབྱིངས་	དབྱིངས་	NOUN
། །		PUNCT
སེམས་	སེམས་	NOUN
དང་སེམས་	དང་སེམས་	NO_POS
བྱུང་	བྱུང་	VERB
རྙོག་པ་	རྙོག་པ་	VERB
རབ་	རབ་	ADV
ཞི་	ཞི་	VERB
ཞིང་	ཅིང་	PART
། །		PUNCT
མཁྱེན་བརྩེ་	མཁྱེན་བརྩེ་	PROPN
འི་	གི་	PART
གཏིང་མཐའ་	གཏིང་མཐའ་	NOUN
དཔག་	དཔག་	VERB
གིས་	གིས་	PART
མི་	མི་	PART
ལང་བ་	ལང་བ་	VERB
འི་	གི་	PART
། །		PUNCT
རྒྱལ་བ་	རྒྱལ་བ་	NOUN
རྒྱ་མཚོ་	རྒྱ་མཚོ་	NOUN
སྲ་	སྲ་	NOUN
བཅའ་	བཅའ་	VERB
སྤྱི་བོ་	སྤྱི་བོ་	NOUN
ས་	གིས་	PART
མཆོད་	མཆོད་	VERB
། །		PUNCT
ཆོ་	ཆོ་	NOUN
ཚུལ་	ཚུལ་	NOUN
བརྒྱད་	བརྒྱད་	NUM
ཁྲི་	ཁྲི་	NUM
བཞི་	བཞི་	NUM
སྟོང་	སྟོང་	NUM
སྙིང་པོ་	སྙིང་པོ་	NOUN
འི་	གི་	PART
དོན་	དོན་	NOUN
། །		PUNCT
མདོ་	མདོ་	NOUN
དང་	དང་	NO_POS
རྒྱུད་སྡེ་	རྒྱུད་སྡེ་	NOUN
འི་	གི་	PART
དགོངས་པ་	དགོངས་པ་	VERB
མ་	མ་	PART
ནོར་བ་	ནོར་བ་	VERB
ར་	ལ་	PART
། །		PUNCT
སེམས་	སེམས་	NOUN
དང་	དང་	NO_POS
ཡེ་ཤེས་	ཡེ་ཤེས་	NOUN
རྣམ་པ་	རྣམ་པ་	NOUN
གཉིས་	གཉིས་	NUM
སུ་	ལ་	PART
འདུ་	འདུ་	VERB
། །		PUNCT
དེ་དོན་	དེ་དོན་	PRON
བརྟགས་	བརྟགས་	VERB
ན་	ནས་	PART
སྒོམ་པ་	སྒོམ་པ་	VERB
འི་	གི་	PART
རིམ་པ་	རིམ་པ་	NOUN
བྲི་	བྲི་	NO_POS
། །		PUNCT
དེ་	སྟེ་	PART
ལ་	ལ་	PART
ཡང་དག་པ་	ཡང་དག་པ་	ADJ
ར་	ལ་	PART
རྫོགས་པ་	རྫོགས་པ་	VERB
འི་	གི་	PART
སངས་རྒྱས་	སངས་རྒྱས་	NOUN
ཀྱིས་	གིས་	PART
ཆོ་	ཆོ་	NOUN
ཀྱི་	གི་	PART
འཁོར་ལོ་	འཁོར་ལོ་	NOUN
རིམ་པ་	རིམ་པ་	NOUN
གསུམ་	གསུམ་	NUM
དུ་	ལ་	PART
བསྐོར་བ་	བསྐོར་བ་	VERB
ཡང་	ཀྱང་	PART
།		PUNCT
བཀའ་	བཀའ་	NOUN
དང་པོ་	དང་པོ་	ADJ
བདེན་པ་	བདེན་པ་	VERB
བཞི་	བཞི་	NUM
འི་	གི་	PART
ཆོ་	ཆོ་	NOUN
ཀྱི་	གི་	PART
རྣམ་	རྣམ་	NOUN
གྲངས་	གྲངས་	NOUN
ལ་	ལ་	ADP
ས་	གིས་	PART
།		PUNCT
གཙོ་བོ་	གཙོ་བོ་	ADJ
ར་	ལ་	PART
ལ་	ལ་	ADP
ས་	གིས་	PART
དང་པོ་པ་	དང་པོ་པ་	ADJ
དང་	དང་	NO_POS
བློ་	བློ་	NOUN
ཅུང་ཟད་	ཅུང་ཟད་	ADV
དམན་པ་	དམན་པ་	VERB
རྣམས་	རྣམས་	DET
འཇུག་པ་	འཇུག་པ་	VERB
ལ་	ལ་	PART
དགོངས་	དགོངས་	VERB
ཏེ་	སྟེ་	PART
།		PUNCT
སྤང་	སྤང་	VERB
གཉེན་	གཉེན་	NOUN
གྱི་	གི་	PART
རིམ་པ་	རིམ་པ་	NOUN
ས་	གིས་	PART
ཉམས་	ཉམས་	NOUN
སུ་	ལ་	PART
ལེན་པ་	ལེན་པ་	VERB
འི་	གི་	PART
ཐབས་	ཐབས་	NOUN
གསལ་བ་	གསལ་བ་	VERB
ར་	ལ་	PART
གསུངས་	གསུངས་	VERB
ཤིང་	ཅིང་	PART
།		PUNCT
བཀའ་	བཀའ་	NOUN
བར་་	བར་བ་	NOUN
མཚན་ཉིད་	མཚན་ཉིད་	NOUN
མེད་པ་	མེད་པ་	VERB
འི་	གི་	PART
ཆོ་	ཆོ་	NOUN
ཀྱི་	གི་	PART
རྣམ་	རྣམ་	NOUN
གྲངས་	གྲངས་	NOUN
ལ་	ལ་	ADP
ས་	གིས་	PART
།		PUNCT
གཙོ་བོ་	གཙོ་བོ་	ADJ
ར་	ལ་	PART
ཅུང་ཟད་	ཅུང་ཟད་	ADV
སྦྱངས་པ་	སྦྱངས་པ་	VERB
དང་	དང་	NO_POS
དབང་པོ་	དབང་པོ་	NOUN
འབྲིང་པོ་	འབྲིང་པོ་	ADJ
རྣམས་	རྣམས་	DET
འཇུག་པ་	འཇུག་པ་	VERB
འི་	གི་	PART
རིམ་པ་	རིམ་པ་	NOUN
ལ་	ལ་	PART
དགོངས་	དགོངས་	VERB
ཏེ་	སྟེ་	PART
།		PUNCT
ངོ་བོ་	ངོ་བོ་	NOUN
ཉིད་	ཉིད་	DET
མེད་པ་	མེད་པ་	VERB
འི་	གི་	PART
རྣམ་	རྣམ་	NOUN
གྲངས་	གྲངས་	NOUN
ཀྱི་	གི་	PART
གཉེན་པོ་	གཉེན་པོ་	NOUN
ལ་	ལ་	PART
བདག་	བདག་	PRON
ཏུ་	ལ་	PART
འཛིན་པ་	འཛིན་པ་	VERB
རྣམས་	རྣམས་	DET
སྐྱེ་བ་	སྐྱེ་བ་	VERB
མེད་པ་	མེད་པ་	VERB
ར་	ལ་	PART
གསུངས་	གསུངས་	VERB
ལ་	ལ་	PART
།		PUNCT
བཀའ་	བཀའ་	NOUN
ཐ་མ་	ཐ་མ་	ADJ
ངེས་པ་	ངེས་པ་	VERB
དོན་	དོན་	NOUN
གྱི་	གི་	PART
ཆོ་	ཆོ་	NOUN
ཀྱི་	གི་	PART
རྣམ་	རྣམ་	NOUN
གྲངས་	གྲངས་	NOUN
ལ་	ལ་	ADP
ས་	གིས་	PART
།		PUNCT
གཙོ་བོ་	གཙོ་བོ་	ADJ
ར་	ལ་	PART
ཡོངས་སུ་	ཡོངས་སུ་	NO_POS
རྫོགས་པ་	རྫོགས་པ་	VERB
འི་	གི་	PART
ཐེག་པ་	ཐེག་པ་	NOUN
རྣམས་	རྣམས་	DET
དང་	དང་	NO_POS
དབང་པོ་	དབང་པོ་	NOUN
རྣོན་པོ་	རྣོན་པོ་	ADJ
རྣམས་	རྣམས་	DET
འཇུག་པ་	འཇུག་པ་	VERB
འི་	གི་	PART
རིམ་པ་	རིམ་པ་	NOUN
ས་	གིས་	PART
གཤིས་	གཤིས་	OTHER
ལ་	ལ་	PART
ཇི་ལྟ་		
གནས་པ་	གནས་པ་	VERB
འི་	གི་	PART
རྣམ་	རྣམ་	NOUN
གྲངས་	གྲངས་	NOUN
རྒྱ་	རྒྱ་	NOUN
ཆེ་	ཆེ་	VERB
ར་	ལ་	PART
གསུངས་	གསུངས་	VERB
ཏེ་	སྟེ་	PART
།		PUNCT
དང་པོ་	དང་པོ་	ADJ
ས་	གིས་	PART
འཁོར་བ་	འཁོར་བ་	NOUN
འི་	གི་	PART
མཚན་ཉིད་	མཚན་ཉིད་	NOUN
སྤང་བྱ་	སྤང་བྱ་	NOUN
ལ་	ལ་	ADP
ས་	གིས་	PART
ལྡོག་པ་	ལྡོག་པ་	VERB
འི་	གི་	PART
ལམ་བསྟན་	ལམ་བསྟན་	NO_POS
།		PUNCT
བ་	བ་	NOUN
བ་	བ་	ADP
སྤང་བྱ་	སྤང་བྱ་	NOUN
ལ་	ལ་	ADP
ས་	གིས་	PART
འཛིན་པ་	འཛིན་པ་	VERB
འི་	གི་	PART
རང་བཞིན་	རང་བཞིན་	NOUN
ངོ་བོ་	ངོ་བོ་	NOUN
མེད་པ་	མེད་པ་	VERB
ས་	གིས་	PART
ཤེས་སྒྲིབ་	ཤེས་སྒྲིབ་	NO_POS
སྤང་བ་	སྤང་བ་	VERB
ར་	ལ་	PART
བསྟན་	བསྟན་	VERB
།		PUNCT
ཐ་མ་	ཐ་མ་	ADJ
ས་	གིས་	PART
ཡིན་ལུགས་	ཡིན་ལུགས་	AUX
སྙིང་པོ་	སྙིང་པོ་	NOUN
ར་	ལ་	PART
བསྟན་	བསྟན་	VERB
ཏེ་	སྟེ་	PART
།		PUNCT
དབང་པོ་	དབང་པོ་	NOUN
འི་	གི་	PART
རིམ་པ་	རིམ་པ་	NOUN
དང་	དང་	NO_POS
།		PUNCT
འཇུག་	འཇུག་	VERB
ཚུལ་	ཚུལ་	NOUN
གྱི་	གི་	PART
གོ་རིམ་	གོ་རིམ་	NOUN
ལ་	ལ་	PART
བརྟེན་	བརྟེན་	VERB
ན་	ནས་	PART
གསུངས་པ་	གསུངས་པ་	VERB
རྣམས་	རྣམས་	DET
ཀྱི་	གི་	PART
དོན་	དོན་	NOUN
གསལ་	གསལ་	VERB
རབ་	རབ་	ADV
ཕྱེ་	ཕྱེ་	VERB
ན་	ནས་	PART
ཉམས་	ཉམས་	NOUN
སུ་	ལ་	PART
བླང་བ་	བླང་བ་	VERB
ལ་	ལ་	ADP
ས་	གིས་	PART
།		PUNCT
འདི་	འདི་	DET
ར་	ལ་	PART
དང་པོ་	དང་པོ་	ADJ
དྲི་མ་	དྲི་མ་	NOUN
དང་	དང་	NO_POS
བཅས་པ་	བཅས་པ་	VERB
ས་	གིས་	PART
མ་	མ་	PART
དག་པ་	དག་པ་	VERB
འི་	གི་	PART
གནས་སྐབས་	གནས་སྐབས་	NOUN
དང་	དང་	NO_POS
།		PUNCT
ལམ་	གམ་	PART
གྱིས་	གིས་	PART
སྦྱངས་པ་	སྦྱངས་པ་	VERB
ས་	གིས་	PART
དྲི་མ་	དྲི་མ་	NOUN
རིམ་པ་	རིམ་པ་	NOUN
བཞིན་	བཞིན་	NOUN
དུ་	ལ་	PART
དག་པ་	དག་པ་	VERB
མ་	མ་	PART
དག་པ་	དག་པ་	VERB
དག་པ་	དག་པ་	VERB
འི་	གི་	PART
གནས་སྐབས་	གནས་སྐབས་	NOUN
དང་	དང་	NO_POS
།		PUNCT
དྲི་མ་	དྲི་མ་	NOUN
ཐམས་ཅད་	ཐམས་ཅད་	DET
དང་	དང་	NO_POS
བྲལ་བ་	བྲལ་བ་	VERB
ཤིན་ཏུ་	ཤིན་ཏུ་	NO_POS
རྣམ་དག་	རྣམ་དག་	ADJ
གི་	གི་	PART
གནས་སྐབས་	གནས་སྐབས་	NOUN
རྣམ་པ་	རྣམ་པ་	NOUN
གསུམ་	གསུམ་	NUM
ལ་	ལ་	PART
ལྟོ་	ལྟོ་	VERB
ན་	ནས་	PART
།		PUNCT
གཞི་	གཞི་	NOUN
དང་	དང་	NO_POS
།		PUNCT
ལམ་	གམ་	PART
དང་	དང་	NO_POS
།		PUNCT
འབྲས་བུ་	འབྲས་བུ་	NOUN
འི་	གི་	PART
རིམ་པ་	རིམ་པ་	NOUN
རྣམས་	རྣམས་	DET
རེ་ཞིག་	རེ་ཞིག་	NO_POS
གསལ་བ་	གསལ་བ་	VERB
ར་	ལ་	PART
མཛད་པ་	མཛད་པ་	VERB
ནི་	ནི་	NO_POS
།		PUNCT
བཀའ་	བཀའ་	NOUN
ཐ་མ་	ཐ་མ་	ADJ
འི་	གི་	PART
རིམ་པ་	རིམ་པ་	NOUN
བཞིན་	བཞིན་	NOUN
བརྗོད་པ་	བརྗོད་པ་	VERB
ལ་	ལ་	ADP
ས་	གིས་	PART
།		PUNCT
རྒྱུད་བླ་མ་	རྒྱུད་བླ་མ་	PROPN
ར་	ལ་	PART
།		PUNCT
མ་	མ་	PART
དག་མ་	དག་མ་	NO_POS
དག་	དག་	DET
དག་པ་	དག་པ་	VERB
དང་	དང་	NO_POS
། །		PUNCT
ཤིན་ཏུ་	ཤིན་ཏུ་	NO_POS
རྣམ་དག་	རྣམ་དག་	ADJ
གོ་རིམ་	གོ་རིམ་	NOUN
བཞིན་	བཞིན་	NOUN
། །		PUNCT
སེམས་ཅན་	སེམས་ཅན་	NOUN
བྱང་ཆུབ་	བྱང་ཆུབ་	NOUN
སེམས་དཔའ་	སེམས་དཔའ་	NOUN
དང་	དང་	NO_POS
། །		PUNCT
དེ་བཞིན་	དེ་བཞིན་	OTHER
གཤེགས་པ་	གཤེགས་པ་	VERB
ཞེ་	ཅེས་	PART
བརྗོད་	བརྗོད་	VERB
དོ་	གོ་	PART
། །		PUNCT
ཞེ་	ཅེས་	PART
གསུངས་	གསུངས་	VERB
ཏེ་	སྟེ་	PART
།		PUNCT
སེམས་ཅན་པ་	སེམས་ཅན་པ་	NOUN
འི་	གི་	PART
དུས་	དུས་	NOUN
ཀྱི་	གི་	PART
འོད་གསལ་བ་	འོད་གསལ་བ་	NO_POS
འི་	གི་	PART
ཡེ་ཤེས་	ཡེ་ཤེས་	NOUN
རང་	རང་	PRON
ལ་	ལ་	PART
ཡོད་པ་	ཡོད་པ་	VERB
ནི་	ནི་	NO_POS
གཞི་	གཞི་	NOUN
འོ་	གོ་	PART
། །		PUNCT
བྱང་ཆུབ་	བྱང་ཆུབ་	NOUN
སེམས་དཔ་	སེམས་དཔའ་	NOUN
འི་	གི་	PART
དུས་	དུས་	NOUN
ཀྱི་	གི་	PART
ཚོགས་སྦྱོར་	ཚོགས་སྦྱོར་	NOUN
མཐོང་	མཐོང་	VERB
སྒོམ་	སྒོམ་	VERB
བཞི་	བཞི་	NUM
ནི་	ནི་	NO_POS
ལམ་	གམ་	PART
མོ་	གོ་	PART
། །		PUNCT
དེ་བཞིན་	དེ་བཞིན་	OTHER
གཤེགས་པ་	གཤེགས་པ་	VERB
འི་	གི་	PART
དུས་	དུས་	NOUN
ཀྱི་	གི་	PART
སྟོབས་	སྟོབས་	NOUN
སོགས་	སོགས་	DET
ཀྱི་	གི་	PART
ཡོན་ཏན་	ཡོན་ཏན་	NOUN
དེ་	སྟེ་	PART
མཐ་	མཐའ་	NOUN
ར་	ལ་	PART
ཕྱིན་པ་	ཕྱིན་པ་	VERB
ནི་	ནི་	NO_POS
འབྲས་བུ་	འབྲས་བུ་	NOUN
འོ་	གོ་	PART
། །		PUNCT
དེ་ཡང་	དེ་ཡང་	ADV
སེམས་ཅན་པ་	སེམས་ཅན་པ་	NOUN
འི་	གི་	PART
སེམས་ཉིད་	སེམས་ཉིད་	NOUN
འོད་གསལ་བ་	འོད་གསལ་བ་	NO_POS
ནི་	ནི་	NO_POS
དྲི་མ་	དྲི་མ་	NOUN
དང་	དང་	NO_POS
བཅས་པ་	བཅས་པ་	VERB
འི་	གི་	PART
དེ་བཞིན་ཉིད་	དེ་བཞིན་ཉིད་	NOUN
ཡིན་པ་	ཡིན་པ་	AUX
ས་	གིས་	PART
ཆོས་ཁམས་	ཆོས་ཁམས་	NO_POS
དགེ་བ་	དགེ་བ་	VERB
དེ་བཞིན་	དེ་བཞིན་	OTHER
གཤེགས་པ་	གཤེགས་པ་	VERB
འི་	གི་	PART
སྙིང་པོ་	སྙིང་པོ་	NOUN
སེམས་ཉིད་	སེམས་ཉིད་	NOUN
འོད་གསལ་བ་	འོད་གསལ་བ་	NO_POS
ཞེ་	ཅེས་	PART
བྱ་	བྱ་	VERB
འོ་	གོ་	PART
། །		PUNCT
འདི་	འདི་	DET
ར་	ལ་	PART
དང་པོ་	དང་པོ་	ADJ
གཞི་	གཞི་	NOUN
འི་	གི་	PART
དོན་	དོན་	NOUN
བཤད་པ་	བཤད་པ་	VERB
ནི་	ནི་	NO_POS
།		PUNCT
ཡེ་ནས་	ཡེ་ནས་	NO_POS
འོད་གསལ་བ་	འོད་གསལ་བ་	NO_POS
འི་	གི་	PART
ཆོས་ཉིད་	ཆོས་ཉིད་	NOUN
འདུས་མ་བྱས་	འདུས་མ་བྱས་	NO_POS
ཤིང་	ཅིང་	PART
ལྷུན་	ལྷུན་	NOUN
གྱིས་	གིས་	PART
གྲུབ་པ་	གྲུབ་པ་	VERB
སྟོང་པ་	སྟོང་པ་	VERB
འི་	གི་	PART
ངོ་	ངོ་	NOUN
ན་	ལ་	PART
དངོས་པོ་	དངོས་པོ་	NOUN
དང་	དང་	NO_POS
མཚན་མ་	མཚན་མ་	NOUN
གང་	གང་	NO_POS
དུའང་		NON_WORD
མ་	མ་	PART
གྲུབ་	གྲུབ་	VERB
ཅིང་	ཅིང་	PART
འཁོར་བ་	འཁོར་བ་	NOUN
དང་	དང་	NO_POS
མྱ་ངན་	མྱ་ངན་	NOUN
ལ་	ལ་	ADP
ས་	གིས་	PART
འདས་པ་	འདས་པ་	VERB
ལ་སོགས་པ་	ལ་སོགས་པ་	NO_POS
གང་	གང་	NO_POS
དུའང་		NON_WORD
མ་	མ་	PART
ཆད་པ་	ཆད་པ་	VERB
ས་	གིས་	PART
སྤྲོས་པ་	སྤྲོས་པ་	VERB
འི་	གི་	PART
མཐའ་	མཐའ་	NOUN
།		PUNCT
མ་	མ་	OTHER
ཅད་		NON_WORD
དང་	དང་	NO_POS
བྲལ་བ་	བྲལ་བ་	VERB
ནམ་མཁའ་	ནམ་མཁའ་	NOUN
ལྟ་བུ་	ལྟ་བུ་	NOUN
།		PUNCT
གསལ་བ་	གསལ་བ་	VERB
འི་	གི་	PART
ངོ་	ངོ་	NOUN
ན་	ནས་	PART
སྐུ་	སྐུ་	NOUN
དང་	དང་	NO_POS
ཡེ་ཤེས་	ཡེ་ཤེས་	NOUN
ཀྱི་	གི་	PART
རང་བཞིན་	རང་བཞིན་	NOUN
ཡེ་	ཡེ་	ADV
ལྡན་	ལྡན་	VERB
དུ་	ལ་	PART
ལྷུན་	ལྷུན་	NOUN
གྱིས་	གིས་	PART
སྒྲུབ་	སྒྲུབ་	VERB
ཅིང་	ཅིང་	PART
འོད་གསལ་བ་	འོད་གསལ་བ་	NO_POS
ཉི་ཟླ་	ཉི་ཟླ་	NOUN
འི་	གི་	PART
དཀྱིལ་འཁོར་	དཀྱིལ་འཁོར་	NOUN
ལྟ་བུ་	ལྟ་བུ་	NOUN
།		PUNCT
དེ་	སྟེ་	PART
གཉིས་ཀ་	གཉིས་ཀ་	OTHER
འང་	ཀྱང་	PART
འདུ་	འདུ་	VERB
འབྲལ་	འབྲལ་	NO_POS
མེད་པ་	མེད་པ་	VERB
འི་	གི་	PART
ཆོས་ཉིད་	ཆོས་ཉིད་	NOUN
དུ་	ལ་	PART
ཡེ་ནས་	ཡེ་ནས་	NO_POS
གནས་པ་	གནས་པ་	VERB
ནི་	ནི་	NO_POS
།		PUNCT
སྙིང་པོ་	སྙིང་པོ་	NOUN
རབ་ཏུ་	རབ་ཏུ་	NO_POS
བསྟན་པ་	བསྟན་པ་	VERB
འི་	གི་	PART
མདོ་	མདོ་	NOUN
ལ་	ལ་	ADP
ས་	གིས་	PART
།		PUNCT
ཐོག་མ་	ཐོག་མ་	NOUN
མེད་པ་	མེད་པ་	VERB
འི་	གི་	PART
དུས་	དུས་	NOUN
ཀྱི་	གི་	PART
དབྱིངས་	དབྱིངས་	NOUN
། །		PUNCT
ཆོ་	ཆོ་	NOUN
རྣམས་	རྣམས་	DET
ཀུན་	ཀུན་	DET
གྱི་	གི་	PART
གནས་	གནས་	NOUN
ཡིན་	ཡིན་	NO_POS
ཏེ་	སྟེ་	PART
། །		PUNCT
དེ་	སྟེ་	PART
ཡོད་པ་	ཡོད་པ་	VERB
ས་	གིས་	PART
ན་	ལ་	PART
འགྲོ་བ་	འགྲོ་བ་	VERB
ཀུན་	ཀུན་	DET
། །		PUNCT
མྱ་ངན་	མྱ་ངན་	NOUN
འདས་པ་	འདས་པ་	VERB
ཐོབ་པ་	ཐོབ་པ་	VERB
ཡིན་	ཡིན་	NO_POS
། །		PUNCT
ཞེ་	ཅེས་	PART
དང་	དང་	NO_POS
།		PUNCT
མདོ་སྡེ་	མདོ་སྡེ་	NOUN
རྒྱན་	རྒྱན་	NOUN
ལ་	ལ་	ADP
ས་	གིས་	PART
།		PUNCT
སྔ་མ་	སྔ་མ་	ADJ
ཕྱི་མ་	ཕྱི་མ་	ADJ
ཁྱད་མེད་	ཁྱད་མེད་	NO_POS
ཀྱང་	ཀྱང་	PART
། །		PUNCT
དེ་བཞིན་ཉིད་	དེ་བཞིན་ཉིད་	NOUN
ནི་	ནི་	NO_POS
དག་	དག་	DET
གྱུར་པ་	གྱུར་པ་	VERB
། །		PUNCT
ཞེ་	ཅེས་	PART
དང་	དང་	NO_POS
།		PUNCT
ཇི་ལྟ་		
སྔར་བཞིན་	སྔར་བཞིན་	NO_POS
ཕྱི་	ཕྱི་	VERB
དེ་བཞིན་	དེ་བཞིན་	OTHER
། །		PUNCT
འགྱུར་བ་	འགྱུར་བ་	VERB
མེད་པ་	མེད་པ་	VERB
འི་	གི་	PART
དེ་བཞིན་ཉིད་	དེ་བཞིན་ཉིད་	NOUN
། །		PUNCT
ཅེས་པ་	ཅེས་པ་	PART
དང་	དང་	NO_POS
།		PUNCT
རིན་པོ་ཆེ་	རིན་པོ་ཆེ་	ADJ
རྒྱ་མཚོ་	རྒྱ་མཚོ་	NOUN
འི་	གི་	PART
རྒྱུད་	རྒྱུད་	NOUN
ལ་	ལ་	ADP
ས་	གིས་	PART
།		PUNCT
ཡེ་ནས་	ཡེ་ནས་	NO_POS
འོད་གསལ་	འོད་གསལ་	NOUN
བདེ་གཤེགས་	བདེ་གཤེགས་	NOUN
སྙིང་པོ་	སྙིང་པོ་	NOUN
ནི་	ནི་	NO_POS
། །		PUNCT
ནོར་བུ་	ནོར་བུ་	NOUN
བཞིན་	བཞིན་	NOUN
དུ་	ལ་	PART
ཡོན་ཏན་	ཡོན་ཏན་	NOUN
མ་	མ་	PART
ལུས་རྫོགས་	ལུས་རྫོགས་	NO_POS
། །		PUNCT
དྲི་མེད་	དྲི་མེད་	ADJ
མཁའ་	མཁའ་	NOUN
དང་	དང་	NO_POS
ཉི་མ་	ཉི་མ་	NOUN
འི་	གི་	PART
དཀྱིལ་འཁོར་	དཀྱིལ་འཁོར་	NOUN
བཞིན་	བཞིན་	NOUN
"།

།"		PUNCT
སྐུ་	སྐུ་	NOUN
དང་	དང་	NO_POS
ཡེ་ཤེས་	ཡེ་ཤེས་	NOUN
ལྷུན་	ལྷུན་	NOUN
གྱིས་	གིས་	PART
གྲུབ་པ་	གྲུབ་པ་	VERB
ཉིད་	ཉིད་	DET
། །		PUNCT
ཅེས་པ་	ཅེས་པ་	PART
ལ་སོགས་པ་	ལ་སོགས་པ་	NO_POS
འོ་	གོ་	PART
། །		PUNCT
དེ་ལྟ་	དེ་ལྟ་	NO_POS
འོད་གསལ་བ་	འོད་གསལ་བ་	NO_POS
འི་	གི་	PART
ཡེ་ཤེས་	ཡེ་ཤེས་	NOUN
ནི་	ནི་	NO_POS
གདོད་མ་	གདོད་མ་	OTHER
འི་	གི་	PART
གཞི་	གཞི་	NOUN
ར་	ལ་	PART
ལྟ་བ་	ལྟ་བ་	VERB
ས་	གིས་	PART
གཏན་	གཏན་	NOUN
ལ་	ལ་	PART
དབབ་པ་	དབབ་པ་	VERB
འོ་	གོ་	PART
། །		PUNCT
དིང་སང་	དིང་སང་	ADV
ནི་	ནི་	NO_POS
དགེ་བ་	དགེ་བ་	VERB
འི་	གི་	PART
བཤེས་གཉེན་	བཤེས་གཉེན་	NOUN
ཕལ་	ཕལ་	NOUN
དང་	དང་	NO_POS
།		PUNCT
སྒོམ་ཆེན་	སྒོམ་ཆེན་	NOUN
ཀུན་	ཀུན་	DET
མཐུན་པ་	མཐུན་པ་	VERB
ར་	ལ་	PART
།		PUNCT
སྟོང་	སྟོང་	NUM
རྐྱང་	རྐྱང་	OTHER
ཅི་ཡང་	ཅི་ཡང་	OTHER
མེད་པ་	མེད་པ་	VERB
ལ་	ལ་	PART
གཞི་	གཞི་	NOUN
བྱེད་པ་	བྱེད་པ་	VERB
ནི་	ནི་	NO_POS
སྙིང་པོ་	སྙིང་པོ་	NOUN
འི་	གི་	PART
དོན་	དོན་	NOUN
གྱི་	གི་	PART
དགོངས་པ་	དགོངས་པ་	VERB
དང་	དང་	NO_POS
མི་	མི་	PART
མཐུན་	མཐུན་	VERB
ཏེ་	སྟེ་	PART
།		PUNCT
ཅིའང་		NON_WORD
མེད་པ་	མེད་པ་	VERB
འི་	གི་	PART
གཞི་	གཞི་	NOUN
ཉམས་	ཉམས་	NOUN
སུ་	ལ་	PART
བླངས་པ་	བླངས་པ་	VERB
ས་	གིས་	PART
འབྲས་བུ་	འབྲས་བུ་	NOUN
སངས་	སངས་	VERB
རྒྱན་	རྒྱན་	NOUN
ཡོན་ཏན་	ཡོན་ཏན་	NOUN
ཐམས་ཅད་	ཐམས་ཅད་	DET
དང་	དང་	NO_POS
ལྡན་པ་	ལྡན་པ་	VERB
མི་	མི་	PART
འབྱུང་	འབྱུང་	VERB
སྟེ་	སྟེ་	PART
།		PUNCT
གཞི་	གཞི་	NOUN
ལམ་	གམ་	PART
འབྲས་བུ་	འབྲས་བུ་	NOUN
གསུམ་	གསུམ་	NUM
འཛོལ་བ་	འཛོལ་བ་	NO_POS
འི་	གི་	PART
ཕྱི་	ཕྱི་	OTHER
རོ་	རོ་	NOUN
། །		PUNCT
སངས་རྒྱས་	སངས་རྒྱས་	NOUN
དེ་	སྟེ་	PART
ནི་	ནི་	NO_POS
འདུས་མ་བྱས་	འདུས་མ་བྱས་	NO_POS
ཤིང་	ཅིང་	PART
ལྷུན་	ལྷུན་	NOUN
གྱིས་	གིས་	PART
གྲུབ་པ་	གྲུབ་པ་	VERB
འི་	གི་	PART
ཡོན་ཏན་	ཡོན་ཏན་	NOUN
ཅན་	ཅན་	PART
བྲལ་བ་	བྲལ་བ་	VERB
འི་	གི་	PART
འབྲས་བུ་	འབྲས་བུ་	NOUN
མངོན་དུ་	མངོན་དུ་	NO_POS
གྱུར་པ་	གྱུར་པ་	VERB
ཞིག་	ཅིག་	PART
ཡིན་པ་	ཡིན་པ་	AUX
འི་	གི་	PART
ཕྱི་	ཕྱི་	OTHER
རོ་	རོ་	NOUN
། །		PUNCT
དེས་ན་	དེས་ན་	NO_POS
སྲིད་རྩེ་	སྲིད་རྩེ་	NOUN
འི་	གི་	PART
ལྟ་བ་	ལྟ་བ་	VERB
དང་	དང་	NO_POS
དེ་དག་	དེ་དག་	OTHER
མཐུན་པ་	མཐུན་པ་	VERB
ར་	ལ་	PART
སྣང་ངོ་	སྣང་ངོ་	NOUN
། །		PUNCT
འདི་	འདི་	DET
ར་	ལ་	PART
ནི་	ནི་	NO_POS
འདུས་མ་བྱས་	འདུས་མ་བྱས་	NO_POS
ཤིང་	ཅིང་	PART
ལྷུན་	ལྷུན་	NOUN
གྱིས་	གིས་	PART
གྲུབ་པ་	གྲུབ་པ་	VERB
འི་	གི་	PART
འོད་གསལ་བ་	འོད་གསལ་བ་	NO_POS
ཉིད་	ཉིད་	DET
གཞི་	གཞི་	NOUN
ར་	ལ་	PART
འདོད་པ་	འདོད་པ་	VERB
ཡིན་	ཡིན་	NO_POS
ནོ་	གོ་	PART
། །		PUNCT
གཞི་	གཞི་	NOUN
དེ་ལྟ་	དེ་ལྟ་	NO_POS
བུ་	བུ་	NOUN
འི་	གི་	PART
ངང་	ངང་	NOUN
ལ་	ལ་	ADP
ས་	གིས་	PART
ཡིན་ལུགས་	ཡིན་ལུགས་	AUX
ངོ་མ་	ངོ་མ་	OTHER
ཤེས་པ་	ཤེས་པ་	VERB
ས་	གིས་	PART
མ་རིག་པ་	མ་རིག་པ་	NOUN
ར་	ལ་	PART
གྱུར་	གྱུར་	VERB
ཏེ་	སྟེ་	PART
།		PUNCT
དེ་ལས་	དེ་ལས་	NO_POS
གཟུང་འཛིན་	གཟུང་འཛིན་	NOUN
དུ་	ལ་	PART
འཁྲུལ་	འཁྲུལ་	NO_POS
ན་	ནས་	PART
ཁམས་	ཁམས་	NOUN
གསུམ་	གསུམ་	NUM
དུ་	ལ་	PART
འཁོར་བ་	འཁོར་བ་	NOUN
ར་	ལ་	PART
སྒྱུ་འཕྲུལ་	སྒྱུ་འཕྲུལ་	PROPN
དྲྭ་བ་	དྲྭ་བ་	NON_WORD
འི་	གི་	PART
རྒྱུད་	རྒྱུད་	NOUN
ལ་	ལ་	ADP
ས་	གིས་	PART
།		PUNCT
ཨེ་མ་ཧོ་	ཨེ་མ་ཧོ་	INTJ
བདེ་གཤེགས་	བདེ་གཤེགས་	NOUN
སྙིང་པོ་	སྙིང་པོ་	NOUN
ལ་	ལ་	ADP
ས་	གིས་	PART
། །		PUNCT
རང་	རང་	PRON
གི་	གི་	PART
རྣམ་རྟོག་	རྣམ་རྟོག་	NOUN
ལ་	ལ་	ADP
ས་	གིས་	PART
ཀྱིས་	གིས་	PART
འཁྲུལ་	འཁྲུལ་	NO_POS
། །		PUNCT
ཞེ་	ཅེས་	PART
སོ་	གོ་	PART
། །		PUNCT
དེ་	དེ་	DET
འང་	ཀྱང་	PART
གནས་ལུགས་	གནས་ལུགས་	VERB
མ་	མ་	PART
ཤེས་པ་	ཤེས་པ་	VERB
རྩ་བ་	རྩ་བ་	NOUN
འི་	གི་	PART
མ་རིག་པ་	མ་རིག་པ་	NOUN
སྟེ་	སྟེ་	PART
།		PUNCT
དང་པོ་	དང་པོ་	ADJ
འི་	གི་	PART
འཁྲུལ་པ་	འཁྲུལ་པ་	NO_POS
བསྐྱེད་པ་	བསྐྱེད་པ་	VERB
འི་	གི་	PART
གཞི་	གཞི་	NOUN
འམ་	གམ་	PART
ས་བོན་	ས་བོན་	NOUN
ནམ་	གམ་	PART
རྟེན་གཞི་	རྟེན་གཞི་	NO_POS
ར་	ལ་	PART
གྱུར་པ་	གྱུར་པ་	VERB
འི་	གི་	PART
ངང་	ངང་	NOUN
ལ་	ལ་	ADP
ས་	གིས་	PART
།		PUNCT
གཉིས་	གཉིས་	NUM
སུ་	ལ་	PART
འཛིན་པ་	འཛིན་པ་	VERB
འི་	གི་	PART
ཀུན་རྟོག་	ཀུན་རྟོག་	NOUN
ལངས་པ་	ལངས་པ་	VERB
ནི་	ནི་	NO_POS
ཀུན་	ཀུན་	DET
ཏུ་	ལ་	PART
བརྟགས་པ་	བརྟགས་པ་	VERB
འི་	གི་	PART
མ་རིག་པ་	མ་རིག་པ་	NOUN
སྟེ་	སྟེ་	PART
།		PUNCT
དེ་	སྟེ་	PART
གཉིས་	གཉིས་	NUM
ལ་	ལ་	ADP
ས་	གིས་	PART
སེམས་ཅན་	སེམས་ཅན་	NOUN
ཐ་མ་	ཐ་མ་	ADJ
ངན་སོང་	ངན་སོང་	NOUN
གསུམ་	གསུམ་	NUM
དང་	དང་	NO_POS
།		PUNCT
འབྲིང་	འབྲིང་	NOUN
མི་	མི་	PART
དང་	དང་	NO_POS
།		PUNCT
མཆོག་	མཆོག་	ADJ
ལྷ་	ལྷ་	NOUN
རྣམས་	རྣམས་	DET
སོ་སོ་	སོ་སོ་	PRON
འི་	གི་	PART
སྣང་བ་	སྣང་བ་	VERB
མི་	མི་	PART
འདྲ་བ་	འདྲ་བ་	VERB
ཐ་དད་	ཐ་དད་	ADJ
དུ་	ལ་	PART
ཤ་	ཤ་	VERB
ན་	ནས་	PART
ཀུན་གཞི་	ཀུན་གཞི་	NOUN
ལ་	ལ་	PART
བག་ཆགས་	བག་ཆགས་	NOUN
སྣ་ཚོགས་	སྣ་ཚོགས་	DET
སུ་	ལ་	PART
བཞག་པ་	བཞག་པ་	VERB
འི་	གི་	PART
ནུས་པ་	ནུས་པ་	VERB
ས་	གིས་	PART
འཁོར་བ་	འཁོར་བ་	NOUN
མཐོ་དམན་	མཐོ་དམན་	NOUN
དུ་	ལ་	PART
ཟོ་	ཟོ་	VERB
ཆུ་	ཆུ་	NOUN
འི་	གི་	PART
ཁྱུད་མོ་	ཁྱུད་མོ་	NO_POS
བཞིན་	བཞིན་	NOUN
རང་སྣང་	རང་སྣང་	NO_POS
བདེ་སྡུག་	བདེ་སྡུག་	OTHER
སོ་སོ་	སོ་སོ་	PRON
ར་	ལ་	PART
སྤྱོད་པ་	སྤྱོད་པ་	VERB
ནི་	ནི་	NO_POS
།		PUNCT
སྡུད་པ་	སྡུད་པ་	VERB
ལ་	ལ་	ADP
ས་	གིས་	PART
།		PUNCT
སེམས་ཅན་	སེམས་ཅན་	NOUN
ཐ་མ་	ཐ་མ་	ADJ
འབྲིང་	འབྲིང་	NOUN
དང་	དང་	NO_POS
མཆོག་གྱུར་	མཆོག་གྱུར་	ADJ
ཇི་སྙེད་པ་	ཇི་སྙེད་པ་	OTHER
། །		PUNCT
དེ་	སྟེ་	PART
ཀུན་	ཀུན་	DET
མ་རིག་	མ་རིག་	NOUN
ལ་	ལ་	ADP
ས་	གིས་	PART
བྱུང་	བྱུང་	VERB
བདེ་བ་	བདེ་བ་	VERB
ར་	ལ་	PART
གཤེགས་པ་	གཤེགས་པ་	VERB
ས་	གིས་	PART
གསུངས་	གསུངས་	VERB
། །		PUNCT
ཞེ་	ཅེས་	PART
སོ་	གོ་	PART
། །		PUNCT
དེ་ལྟ་	དེ་ལྟ་	NO_POS
ཁམས་	ཁམས་	NOUN
གསུམ་	གསུམ་	NUM
སོ་སོ་	སོ་སོ་	PRON
ར་	ལ་	PART
བརྒྱུད་	བརྒྱུད་	NO_POS
ཀྱང་	ཀྱང་	PART
བདེ་བ་	བདེ་བ་	VERB
ར་	ལ་	PART
གཤེགས་པ་	གཤེགས་པ་	VERB
འི་	གི་	PART
སྙིང་པོ་	སྙིང་པོ་	NOUN
ནི་	ནི་	NO_POS
ངན་	ངན་	VERB
དུ་མ་	དུ་མ་	ADJ
སོང་བ་	སོང་བ་	VERB
ར་	ལ་	PART
སེམས་ཅན་	སེམས་ཅན་	NOUN
ཐམས་ཅད་	ཐམས་ཅད་	DET
ལ་	ལ་	PART
ཁྱབ་བྱེད་	ཁྱབ་བྱེད་	NO_POS
དུ་	ལ་	PART
གནས་	གནས་	NOUN
ཏེ་	སྟེ་	PART
།		PUNCT
དཔལ་	དཔལ་	OTHER
ཕྲེང་	ཕྲེང་	OTHER
གི་	གི་	PART
མདོ་	མདོ་	NOUN
ལ་	ལ་	ADP
ས་	གིས་	PART
།		PUNCT
བདེ་གཤེགས་	བདེ་གཤེགས་	NOUN
སྙིང་པོ་	སྙིང་པོ་	NOUN
ས་	གིས་	PART
འགྲོ་	འགྲོ་	VERB
ཀུན་	ཀུན་	DET
ཡོངས་	ཡོངས་	DET
ལ་	ལ་	PART
ཁྱབ་	ཁྱབ་	VERB
། །		PUNCT
ཅེས་	ཅེས་	PART
དང་	དང་	NO_POS
།		PUNCT
རྒྱུད་བླ་མ་	རྒྱུད་བླ་མ་	PROPN
ལ་	ལ་	ADP
ས་	གིས་	PART
།		PUNCT
རྫོགས་	རྫོགས་	VERB
སངས་	སངས་	VERB
སྐུ་	སྐུ་	NOUN
ནི་	ནི་	NO_POS
འཕྲོ་	འཕྲོ་	NOUN
ཕྱི་	ཕྱི་	OTHER
དང་	དང་	NO_POS
། །		PUNCT
དེ་བཞིན་ཉིད་	དེ་བཞིན་ཉིད་	NOUN
དབྱེ་	དབྱེ་	VERB
ར་	ལ་	PART
མེད་	མེད་	VERB
ཕྱི་	ཕྱི་	OTHER
དང་	དང་	NO_POS
། །		PUNCT
རིགས་	རིགས་	NOUN
ཡོད་	ཡོད་	VERB
ཕྱི་	ཕྱི་	OTHER
ན་	ལ་	PART
ལུས་ཅན་	ལུས་ཅན་	NOUN
ཀུན་	ཀུན་	DET
། །		PUNCT
རྟག་	རྟག་	VERB
ཏུ་	ལ་	PART
སངས་རྒྱས་	སངས་རྒྱས་	NOUN
སྙིང་པོ་	སྙིང་པོ་	NOUN
ཅན་	ཅན་	PART
། །		PUNCT
ཞེ་	ཅེས་	PART
གསུངས་པ་	གསུངས་པ་	VERB
བཞིན་	བཞིན་	NOUN
ནོ་	གོ་	PART
། །		PUNCT
དེ་	དེ་	DET
འང་	ཀྱང་	PART
སེམས་ཅན་པ་	སེམས་ཅན་པ་	NOUN
འི་	གི་	PART
དུས་	དུས་	NOUN
ན་	ལ་	PART
བདེ་བ་	བདེ་བ་	VERB
ར་	ལ་	PART
གཤེགས་པ་	གཤེགས་པ་	VERB
འི་	གི་	PART
སྙིང་པོ་	སྙིང་པོ་	NOUN
དེ་	སྟེ་	PART
།		PUNCT
སེམས་	སེམས་	NOUN
ཀྱིས་	གིས་	PART
བསྒྲིབས་	བསྒྲིབས་	NO_POS
ཏེ་	སྟེ་	PART
དྲི་མ་	དྲི་མ་	NOUN
དང་	དང་	NO_POS
བཅས་པ་	བཅས་པ་	VERB
ར་	ལ་	PART
གནས་པ་	གནས་པ་	VERB
ནི་	ནི་	NO_POS
།		PUNCT
སྒྱུ་འཕྲུལ་	སྒྱུ་འཕྲུལ་	PROPN
དྲྭ་བ་	དྲྭ་བ་	NON_WORD
ལ་	ལ་	ADP
ས་	གིས་	PART
།		PUNCT
ས་	ས་	ADP
ཡི་	གི་	PART
དཀྱིལ་	དཀྱིལ་	NOUN
ན་	ལ་	PART
ཡོད་པ་	ཡོད་པ་	VERB
འི་	གི་	PART
ཆུ་	ཆུ་	NOUN
། །		PUNCT
རྟག་	རྟག་	VERB
ཏུ་	ལ་	PART
རང་བཞིན་	རང་བཞིན་	NOUN
དྲི་མ་	དྲི་མ་	NOUN
མེད་	མེད་	VERB
། །		PUNCT
དེ་བཞིན་	དེ་བཞིན་	OTHER
སེམས་	སེམས་	NOUN
ཀྱི་	གི་	PART
སྒྲིབ་པ་	སྒྲིབ་པ་	VERB
འི་	གི་	PART
ཁམས་	ཁམས་	NOUN
། །		PUNCT
འགྲོ་བ་	འགྲོ་བ་	VERB
ཀུན་	ཀུན་	DET
ལ་	ལ་	PART
རང་བཞིན་	རང་བཞིན་	NOUN
གནས་	གནས་	NOUN
། །		PUNCT
ཞེས་་	ཞེས་པ་	PART
དང་	དང་	NO_POS
།		PUNCT
རྒྱུད་བླ་མ་	རྒྱུད་བླ་མ་	PROPN
ལ་	ལ་	ADP
ས་	གིས་	PART
།		PUNCT
ཇི་ལྟ་		
མི་	མི་	PART
དབུལ་	དབུལ་	NO_POS
ཁྱིམ་ནང་	ཁྱིམ་ནང་	NO_POS
ས་འོག་	ས་འོག་	OTHER
ན་	ལ་	PART
། །		PUNCT
མི་	མི་	PART
བཟད་	བཟད་	NOUN
ས་	ས་	ADP
ཡི་	གི་	PART
གཏེར་	གཏེར་	NOUN
ནི་	ནི་	NO_POS
ཡོད་	ཡོད་	VERB
གྱུར་	གྱུར་	VERB
ལ་	ལ་	PART
། །		PUNCT
མི་	མི་	PART
དེ་	དེ་	DET
ས་	གིས་	PART
ངོ་མ་	ངོ་མ་	OTHER
ཤེ་	ཤེ་	VERB
ཤིང་	ཅིང་	PART
གཏེར་	གཏེར་	NOUN
དེ་ཡང་	དེ་ཡང་	ADV
། །		PUNCT
དེ་	སྟེ་	PART
ལ་	ལ་	PART
ང་	ང་	PRON
འདི་	འདི་	DET
ར་	ལ་	PART
ཡོད་	ཡོད་	VERB
ཅེས་	ཅེས་	PART
མི་སྨྲ་	མི་སྨྲ་	NO_POS
ལྟ་	ལྟ་	OTHER
། །		PUNCT
དེ་བཞིན་	དེ་བཞིན་	OTHER
ཡིད་	ཡིད་	NOUN
ཀྱི་	གི་	PART
ནང་	ནང་	NOUN
ཆུད་	ཆུད་	VERB
རིན་ཆེན་	རིན་ཆེན་	OTHER
གཏེར་	གཏེར་	NOUN
། །		PUNCT
དྲི་མེད་	དྲི་མེད་	ADJ
བསལ་	བསལ་	VERB
དང་	དང་	NO_POS
བཞག་	བཞག་	VERB
མེད་	མེད་	VERB
ཆོས་ཉིད་	ཆོས་ཉིད་	NOUN
ཀྱང་	ཀྱང་	PART
། །		PUNCT
མ་	མ་	PART
རྟོགས་པ་	རྟོགས་པ་	VERB
ས་	གིས་	PART
ན་	ལ་	PART
དབུལ་བ་	དབུལ་བ་	VERB
འི་	གི་	PART
སྡུག་བསྔལ་	སྡུག་བསྔལ་	NOUN
ཉིད་	ཉིད་	DET
། །		PUNCT
རྣམ་པ་	རྣམ་པ་	NOUN
ཀུན་	ཀུན་	DET
ཏུ་	ལ་	PART
སྐྱེ་རྒུ་	སྐྱེ་རྒུ་	NOUN
འདི་	འདི་	DET
ས་	གིས་	PART
མྱོང་	མྱོང་	VERB
ངོ་	གོ་	PART
། །		PUNCT
ཞེས་་	ཞེས་པ་	PART
ལྟ་	ལྟ་	OTHER
རོ་	རོ་	NOUN
། །		PUNCT
དེ་ཡང་	དེ་ཡང་	ADV
བདེ་བ་	བདེ་བ་	VERB
ར་	ལ་	PART
གཤེགས་པ་	གཤེགས་པ་	VERB
འི་	གི་	PART
སྙིང་པོ་	སྙིང་པོ་	NOUN
ནི་	ནི་	NO_POS
ཉི་མ་	ཉི་མ་	NOUN
འི་	གི་	PART
དཀྱིལ་འཁོར་	དཀྱིལ་འཁོར་	NOUN
ལྟ་བུ་	ལྟ་བུ་	NOUN
ཡིན་	ཡིན་	NO_POS
ལ་	ལ་	PART
།		PUNCT
ཀུན་གཞི་	ཀུན་གཞི་	NOUN
བག་ཆགས་	བག་ཆགས་	NOUN
དང་	དང་	NO_POS
བཅས་པ་	བཅས་པ་	VERB
ཁམས་	ཁམས་	NOUN
གསུམ་པ་	གསུམ་པ་	NUM
འི་	གི་	PART
རྒྱུད་	རྒྱུད་	NOUN
ཀྱིས་	གིས་	PART
བསྡུས་པ་	བསྡུས་པ་	VERB
འི་	གི་	PART
སེམས་	སེམས་	NOUN
སེམས་བྱུང་	སེམས་བྱུང་	NOUN
ཐམས་ཅད་	ཐམས་ཅད་	DET
སྤྲིན་	སྤྲིན་	NOUN
དང་	དང་	NO_POS
འདྲ་བ་	འདྲ་བ་	VERB
ཡིན་	ཡིན་	NO_POS
ནོ་	གོ་	PART
། །		PUNCT
མཁས་པ་	མཁས་པ་	VERB
ར་	ལ་	PART
རློམ་པ་	རློམ་པ་	VERB
འི་	གི་	PART
བླུན་པོ་	བླུན་པོ་	ADJ
ཁ་ཅིག་	ཁ་ཅིག་	PRON
སེམས་	སེམས་	NOUN
སེམས་བྱུང་	སེམས་བྱུང་	NOUN
སྒྲིབ་པ་	སྒྲིབ་པ་	VERB
ར་	ལ་	PART
མི་	མི་	PART
འཐད་	འཐད་	VERB
དེ་	སྟེ་	PART
སེམས་བསྐྱེད་པ་	སེམས་བསྐྱེད་པ་	NOUN
འི་	གི་	PART
ཕྱི་	ཕྱི་	OTHER
དང་	དང་	NO_POS
།		PUNCT
སེམས་ཉིད་	སེམས་ཉིད་	NOUN
འོད་གསལ་བ་	འོད་གསལ་བ་	NO_POS
ཁམས་	ཁམས་	NOUN
ཡིན་པ་	ཡིན་པ་	AUX
འི་	གི་	PART
ཕྱི་	ཕྱི་	OTHER
རོ་	རོ་	NOUN
། །		PUNCT
དེས་ན་	དེས་ན་	NO_POS
སེམས་	སེམས་	NOUN
རྟོག་	རྟོག་	VERB
མེད་	མེད་	VERB
བྱང་ཆུབ་	བྱང་ཆུབ་	NOUN
ཀྱི་	གི་	PART
ཡན་ལག་	ཡན་ལག་	NOUN
ཏིང་ངེ་འཛིན་	ཏིང་ངེ་འཛིན་	NOUN
དུ་	ལ་	PART
འདོད་	འདོད་	VERB
དོ་	གོ་	PART
ཟེར་བ་	ཟེར་བ་	VERB
ནི་	ནི་	NO_POS
མདོ་	མདོ་	NOUN
རྒྱུད་	རྒྱུད་	NOUN
ཀྱི་	གི་	PART
དགོངས་པ་	དགོངས་པ་	VERB
མ་	མ་	PART
ལོན་པ་	ལོན་པ་	VERB
འི་	གི་	PART
རྣམ་འགྱུར་	རྣམ་འགྱུར་	NOUN
ཡིན་	ཡིན་	NO_POS
ཏེ་	སྟེ་	PART
།		PUNCT
སེམས་བསྐྱེད་པ་	སེམས་བསྐྱེད་པ་	NOUN
འང་	ཀྱང་	PART
འཁོར་བ་	འཁོར་བ་	NOUN
འི་	གི་	PART
གནས་སྐབས་	གནས་སྐབས་	NOUN
ན་	ལ་	PART
བླང་དོར་	བླང་དོར་	NOUN
དུ་	ལ་	PART
བྱེད་པ་	བྱེད་པ་	VERB
འི་	གི་	PART
རྟོག་པ་	རྟོག་པ་	VERB
མིན་ནམ་	མིན་ནམ་	NO_POS
།		PUNCT
ཡིན་	ཡིན་	NO_POS
ན་	ལ་	PART
ནི་	ནི་	NO_POS
མཐར་ཐུག་	མཐར་ཐུག་	NOUN
འགག་	འགག་	VERB
དགོས་	དགོས་	VERB
ལ་	ལ་	PART
།		PUNCT
སེམས་ཉིད་	སེམས་ཉིད་	NOUN
ལ་	ལ་	PART
ཟེ་	ཟེ་	VERB
ན་	ལ་	PART
ནི་	ནི་	NO_POS
བསྐྱེད་	བསྐྱེད་	VERB
བྱ་	བྱ་	VERB
སྐྱེད་བྱེད་	སྐྱེད་བྱེད་	NOUN
གཉིས་	གཉིས་	NUM
མེད་པ་	མེད་པ་	VERB
ས་	གིས་	PART
མི་	མི་	PART
འགྲུབ་པ་	འགྲུབ་པ་	VERB
འི་	གི་	PART
ཕྱི་	ཕྱི་	OTHER
འོས་པ་	འོས་པ་	VERB
མ་	མ་	PART
ཡིན་	ཡིན་	NO_POS
ནོ་	གོ་	PART
། །		PUNCT
སེམས་	སེམས་	NOUN
དང་སེམས་	དང་སེམས་	NO_POS
ཉིད་	ཉིད་	DET
སོ་སོ་	སོ་སོ་	PRON
ར་	ལ་	PART
ཕྱོགས་	ཕྱོགས་	NOUN
མ་	མ་	PART
བྱེད་པ་	བྱེད་པ་	VERB
ར་	ལ་	PART
སྣང་	སྣང་	VERB
སྟེ་	སྟེ་	PART
།		PUNCT
སེམས་	སེམས་	NOUN
ནི་	ནི་	NO_POS
ཁམས་	ཁམས་	NOUN
གསུམ་པ་	གསུམ་པ་	NUM
འི་	གི་	PART
རྒྱུད་	རྒྱུད་	NOUN
ཀྱི་	གི་	PART
རྟོག་པ་	རྟོག་པ་	VERB
དང་	དང་	NO_POS
དཔྱོད་པ་	དཔྱོད་པ་	VERB
ཆ་	ཆ་	NOUN
དང་	དང་	NO_POS
བཅས་པ་	བཅས་པ་	VERB
ས་	གིས་	PART
སྒྲོ་	སྒྲོ་	NOUN
བཏགས་	བཏགས་	VERB
འཁྲུལ་པ་	འཁྲུལ་པ་	NO_POS
འི་	གི་	PART
རྣམ་པ་	རྣམ་པ་	NOUN
འཛིན་བྱེད་	འཛིན་བྱེད་	OTHER
ཀུན་གཞི་	ཀུན་གཞི་	NOUN
ཚོགས་	ཚོགས་	NOUN
བརྒྱད་	བརྒྱད་	NUM
དང་	དང་	NO_POS
བཅས་པ་	བཅས་པ་	VERB
ཡིན་	ཡིན་	NO_POS
ཏེ་	སྟེ་	PART
།		PUNCT
དབུ་མ་	དབུ་མ་	PROPN
བདེན་	བདེན་	VERB
གཉིས་	གཉིས་	NUM
ལ་	ལ་	ADP
ས་	གིས་	PART
།		PUNCT
སེམས་	སེམས་	NOUN
དང་སེམས་	དང་སེམས་	NO_POS
བྱུང་	བྱུང་	VERB
ཁམས་	ཁམས་	NOUN
གསུམ་པ་	གསུམ་པ་	NUM
འི་	གི་	PART
། །		PUNCT
སྒྲོ་	སྒྲོ་	NOUN
བཏགས་	བཏགས་	VERB
རྣམ་པ་	རྣམ་པ་	NOUN
ཅན་	ཅན་	PART
རྟོག་	རྟོག་	VERB
ཡིན་	ཡིན་	NO_POS
། །		PUNCT
ཞེ་	ཅེས་	PART
སོ་	གོ་	PART
། །		PUNCT
སེམས་ཉིད་	སེམས་ཉིད་	NOUN
ནི་	ནི་	NO_POS
བདེ་བ་	བདེ་བ་	VERB
ར་	ལ་	PART
གཤེགས་པ་	གཤེགས་པ་	VERB
འི་	གི་	PART
སྙིང་པོ་	སྙིང་པོ་	NOUN
འོད་གསལ་བ་	འོད་གསལ་བ་	NO_POS
འི་	གི་	PART
ཡེ་ཤེས་	ཡེ་ཤེས་	NOUN
ཏེ་	སྟེ་	PART
།		PUNCT
དེ་	དེ་	DET
འང་	ཀྱང་	PART
སེམས་	སེམས་	NOUN
འགག་	འགག་	VERB
ས་	གིས་	PART
ཤིང་	ཅིང་	PART
མ་	མ་	PART
མཆིས་པ་	མཆིས་པ་	VERB
འི་	གི་	PART
ཚེ་	ཚེ་	NOUN
སེམས་ཉིད་	སེམས་ཉིད་	NOUN
འོད་གསལ་བ་	འོད་གསལ་བ་	NO_POS
འི་	གི་	PART
ཡེ་ཤེས་	ཡེ་ཤེས་	NOUN
སོ་སོ་	སོ་སོ་	PRON
རང་	རང་	PRON
གི་	གི་	PART
རིག་པ་	རིག་པ་	VERB
ལ་	ལ་	PART
སྣང་བ་	སྣང་བ་	VERB
ཡིན་	ཡིན་	NO_POS
ནོ་	གོ་	PART
། །		PUNCT
ཡུམ་	ཡུམ་	NOUN
བརྒྱད་	བརྒྱད་	NUM
སྟོང་པ་	སྟོང་པ་	VERB
ལ་	ལ་	ADP
ས་	གིས་	PART
།		PUNCT
སེམས་	སེམས་	NOUN
ལ་	ལ་	PART
སེམས་མ་	སེམས་མ་	NO_POS
མཆིས་	མཆིས་	VERB
ཏེ་	སྟེ་	PART
སེམས་	སེམས་	NOUN
ཀྱི་	གི་	PART
རང་བཞིན་	རང་བཞིན་	NOUN
འོད་གསལ་བ་	འོད་གསལ་བ་	NO_POS
འོ་	གོ་	PART
། །		PUNCT
ཞེ་	ཅེས་	PART
གསུངས་པ་	གསུངས་པ་	VERB
ཡིན་	ཡིན་	NO_POS
ནོ་	གོ་	PART
། །		PUNCT
སངས་རྒྱས་	སངས་རྒྱས་	NOUN
ཀྱི་	གི་	PART
ས་	ས་	ADP
ན་	ལ་	PART
སེམས་ཆེན་པོ་	སེམས་ཆེན་པོ་	NO_POS
ཡོད་	ཡོད་	VERB
དོ་	གོ་	PART
ཞེ་ན་	ཅེ་ན་	PART
།		PUNCT
དེ་	སྟེ་	PART
ནི་	ནི་	NO_POS
ཡེ་ཤེས་	ཡེ་ཤེས་	NOUN
ཆེན་པོ་	ཆེན་པོ་	ADJ
ལ་	ལ་	PART
ཟེ་	ཟེ་	VERB
ཏེ་	སྟེ་	PART
།		PUNCT
རྒྱུད་	རྒྱུད་	NOUN
ལ་	ལ་	ADP
ས་	གིས་	PART
ཉོན་མོངས་པ་	ཉོན་མོངས་པ་	NOUN
ཆེན་པོ་	ཆེན་པོ་	ADJ
ཉིད་	ཉིད་	DET
ཡེ་ཤེས་	ཡེ་ཤེས་	NOUN
སུ་	ལ་	PART
བཤད་པ་	བཤད་པ་	VERB
དང་	དང་	NO_POS
རྣམ་པ་	རྣམ་པ་	NOUN
མཐུན་	མཐུན་	VERB
ནོ་	གོ་	PART
། །		PUNCT
མདོ་	མདོ་	NOUN
ར་	ལ་	PART
བསྡུ་	བསྡུ་	VERB
ན་	ལ་	PART
ཁམས་	ཁམས་	NOUN
གསུམ་པ་	གསུམ་པ་	NUM
འི་	གི་	PART
སེམས་	སེམས་	NOUN
སེམས་བྱུང་	སེམས་བྱུང་	NOUN
ཆ་	ཆ་	NOUN
དང་	དང་	NO_POS
བཅས་པ་	བཅས་པ་	VERB
ཐོག་མ་	ཐོག་མ་	NOUN
མེད་པ་	མེད་པ་	VERB
ན་	ནས་	PART
བརྒྱུད་པ་	བརྒྱུད་པ་	VERB
འི་	གི་	PART
བག་ཆགས་	བག་ཆགས་	NOUN
ཅན་	ཅན་	PART
སྒྲིབ་པ་	སྒྲིབ་པ་	VERB
གཉིས་	གཉིས་	NUM
ཀྱི་	གི་	PART
ངོ་བོ་	ངོ་བོ་	NOUN
འཛིན་	འཛིན་	VERB
ཅིང་	ཅིང་	PART
།		PUNCT
བསྐྱེད་པ་	བསྐྱེད་པ་	VERB
ར་	ལ་	PART
བསྟན་པ་	བསྟན་པ་	VERB
ས་	གིས་	PART
སྤང་བྱ་	སྤང་བྱ་	NOUN
ཡིན་	ཡིན་	NO_POS
ཞིང་	ཅིང་	PART
དགག་	དགག་	VERB
དགོས་པ་	དགོས་པ་	VERB
ར་	ལ་	PART
བཤད་པ་	བཤད་པ་	VERB
ཡིན་	ཡིན་	NO_POS
ནོ་	གོ་	PART
། །		PUNCT
དེ་ཡང་	དེ་ཡང་	ADV
སེམས་ཉིད་	སེམས་ཉིད་	NOUN
འོད་གསལ་བ་	འོད་གསལ་བ་	NO_POS
འི་	གི་	PART
ངང་	ངང་	NOUN
ལ་	ལ་	PART
བརྟེན་པ་	བརྟེན་པ་	VERB
མེད་པ་	མེད་པ་	VERB
འི་	གི་	PART
ཚུལ་	ཚུལ་	NOUN
གྱིས་	གིས་	PART
ད་ལྟ་	ད་ལྟ་	OTHER
བརྟེན་པ་	བརྟེན་པ་	VERB
ནི་	ནི་	NO_POS
ནམ་མཁའ་	ནམ་མཁའ་	NOUN
ལ་	ལ་	PART
སྤྲིན་	སྤྲིན་	NOUN
ལྡིང་བ་	ལྡིང་བ་	VERB
ལྟ་	ལྟ་	OTHER
འདོད་	འདོད་	VERB
དེ་	སྟེ་	PART
།		PUNCT
རྒྱུད་བླ་མ་	རྒྱུད་བླ་མ་	PROPN
ལ་	ལ་	ADP
ས་	གིས་	PART
།		PUNCT
ས་	ས་	ADP
ནི་	ནི་	NO_POS
ཆུ་	ཆུ་	NOUN
ལ་	ལ་	PART
ཆུ་	ཆུ་	NOUN
རླུང་	རླུང་	NOUN
ལ་	ལ་	PART
། །		PUNCT
རླུང་	རླུང་	NOUN
ནི་	ནི་	NO_POS
མཁའ་	མཁའ་	NOUN
ལ་	ལ་	PART
རབ་ཏུ་	རབ་ཏུ་	NO_POS
གནས་	གནས་	NOUN
། །		PUNCT
མཁའ་	མཁའ་	NOUN
ནི་	ནི་	NO_POS
རླུང་	རླུང་	NOUN
དང་	དང་	NO_POS
ཆུ་	ཆུ་	NOUN
དག་	དག་	DET
དང་	དང་	NO_POS
། །		PUNCT
ས་	ས་	ADP
ཡི་	གི་	PART
ཁམས་	ཁམས་	NOUN
ལ་	ལ་	PART
གནས་མ་	གནས་མ་	PROPN
ཡིན་	ཡིན་	NO_POS
། །		PUNCT
དེ་	སྟེ་	PART
ནི་	ནི་	NO_POS
ཕུང་པོ་	ཕུང་པོ་	NOUN
ཁམས་	ཁམས་	NOUN
དབང་	དབང་	NOUN
རྣམས་	རྣམས་	DET
། །		PUNCT
ལ་	ལ་	ADP
ས་	གིས་	PART
དང་	དང་	NO_POS
ཉོན་མོངས་	ཉོན་མོངས་	NOUN
དག་	དག་	DET
ལ་	ལ་	PART
བརྟེན་	བརྟེན་	VERB
། །		PUNCT
ལ་	ལ་	ADP
ས་	གིས་	PART
དང་	དང་	NO_POS
ཉོན་མོངས་	ཉོན་མོངས་	NOUN
ཚུལ་	ཚུལ་	NOUN
ནབཞིན་		NON_WORD
མིན་	མིན་	AUX
། །		PUNCT
ཚུལ་བཞིན་	ཚུལ་བཞིན་	NOUN
མ་	མ་	PART
ཡིན་	ཡིན་	NO_POS
ཡིད་བྱེད་	ཡིད་བྱེད་	NO_POS
ནི་	ནི་	NO_POS
། །		PUNCT
སེམས་	སེམས་	NOUN
ཀྱི་	གི་	PART
དག་པ་	དག་པ་	VERB
ལ་	ལ་	PART
རབ་གནས་	རབ་གནས་	NOUN
། །		PUNCT
སེམས་	སེམས་	NOUN
ཀྱི་	གི་	PART
རང་བཞིན་	རང་བཞིན་	NOUN
ཆོ་	ཆོ་	NOUN
རྣམས་	རྣམས་	DET
ནི་	ནི་	NO_POS
། །		PUNCT
ཐམས་ཅད་	ཐམས་ཅད་	DET
ལ་	ལ་	PART
ཡང་	ཀྱང་	PART
གནས་མ་	གནས་མ་	PROPN
ཡིན་	ཡིན་	NO_POS
། །		PUNCT
ཞེ་	ཅེས་	PART
སོ་	གོ་	PART
། །		PUNCT
རྣམ་འགྲེལ་	རྣམ་འགྲེལ་	PROPN
ལ་	ལ་	ADP
ས་	གིས་	PART
།		PUNCT
སེམས་	སེམས་	NOUN
ཀྱི་	གི་	PART
རང་བཞིན་	རང་བཞིན་	NOUN
འོད་གསལ་བ་	འོད་གསལ་བ་	NO_POS
། །		PUNCT
དྲི་མ་	དྲི་མ་	NOUN
རྣམས་	རྣམས་	DET
ནི་	ནི་	NO_POS
གློ་བུར་་	གློ་བུར་བ་	OTHER
། །		PUNCT
ཞེས་་	ཞེས་པ་	PART
འང་	ཀྱང་	PART
ཚུལ་	ཚུལ་	NOUN
དེ་	སྟེ་	PART
དང་	དང་	NO_POS
མཐུན་	མཐུན་	VERB
ཏེ་	སྟེ་	PART
།		PUNCT
སེམས་	སེམས་	NOUN
ཀྱི་	གི་	PART
རང་བཞིན་	རང་བཞིན་	NOUN
།		PUNCT
སེམས་	སེམས་	NOUN
ཀྱི་	གི་	PART
ཆོས་ཉིད་	ཆོས་ཉིད་	NOUN
།		PUNCT
སེམས་ཉིད་	སེམས་ཉིད་	NOUN
།		PUNCT
དབྱིངས་	དབྱིངས་	NOUN
རང་བཞིན་	རང་བཞིན་	NOUN
གྱིས་	གིས་	PART
དག་པ་	དག་པ་	VERB
།		PUNCT
དོན་དམ་པ་	དོན་དམ་པ་	NOUN
འི་	གི་	PART
གནས་ལུགས་	གནས་ལུགས་	VERB
རྣམས་	རྣམས་	DET
དོན་	དོན་	NOUN
གཅིག་	གཅིག་	NUM
ཡིན་པ་	ཡིན་པ་	AUX
འི་	གི་	PART
ཕྱི་	ཕྱི་	OTHER
རོ་	རོ་	NOUN
"།

།"		PUNCT
སེམས་	སེམས་	NOUN
དེ་ཡང་	དེ་ཡང་	ADV
ཁམས་	ཁམས་	NOUN
གསུམ་	གསུམ་	NUM
གྱི་	གི་	PART
དབྱེ་བ་	དབྱེ་བ་	VERB
ས་	གིས་	PART
རྟོག་	རྟོག་	VERB
མེད་	མེད་	VERB
རྩེ་གཅིག་པ་	རྩེ་གཅིག་པ་	ADJ
དང་	དང་	NO_POS
།		PUNCT
གསལ་བ་	གསལ་བ་	VERB
ཙམ་	ཙམ་	DET
དང་	དང་	NO_POS
།		PUNCT
རྟོག་	རྟོག་	VERB
བཅའ་	བཅའ་	VERB
ཀྱི་	གི་	PART
གནས་སྐབས་	གནས་སྐབས་	NOUN
གསུམ་	གསུམ་	NUM
མོ་	གོ་	PART
། །		PUNCT
དེ་	དེ་	DET
འང་	ཀྱང་	PART
སེམས་	སེམས་	NOUN
ལ་	ལ་	PART
བརྟེན་	བརྟེན་	VERB
ཅིང་	ཅིང་	PART
བག་ཆགས་	བག་ཆགས་	NOUN
ཀྱིས་	གིས་	PART
འཁྲུལ་པ་	འཁྲུལ་པ་	NO_POS
ར་	ལ་	PART
སྣང་བ་	སྣང་བ་	VERB
འཁོར་བ་	འཁོར་བ་	NOUN
འི་	གི་	PART
ཆོ་	ཆོ་	NOUN
འདི་དག་	འདི་དག་	NO_POS
མི་	མི་	PART
བདེན་པ་	བདེན་པ་	VERB
།		PUNCT
བསླུ་བ་	བསླུ་བ་	VERB
།		PUNCT
བྱིས་པ་	བྱིས་པ་	NOUN
འདྲིད་པ་	འདྲིད་པ་	NO_POS
།		PUNCT
གསོག་	གསོག་	VERB
གསོབ་	གསོབ་	NO_POS
།		PUNCT
ཡ་མ་བརླ་	ཡ་མ་བརླ་	NO_POS
།		PUNCT
སྙིང་པོ་	སྙིང་པོ་	NOUN
མེད་པ་	མེད་པ་	VERB
།		PUNCT
ཝུ་བ་	ཝུ་བ་	NON_WORD
རྡོས་་	རྡོས་པ་	
།		PUNCT
ཆུ་ཤིང་	ཆུ་ཤིང་	OTHER
།		PUNCT
སྒྱུ་མ་	སྒྱུ་མ་	NOUN
།		PUNCT
མིག་ཡོར་	མིག་ཡོར་	NO_POS
ལ་སོགས་པ་	ལ་སོགས་པ་	NO_POS
དཔེ་	དཔེ་	NOUN
བརྒྱད་	བརྒྱད་	NUM
ཀྱིས་	གིས་	PART
བསྟན་	བསྟན་	VERB
ཏེ་	སྟེ་	PART
།		PUNCT
ར་རི་	ར་རི་	NO_POS
།		PUNCT
འལ་		NON_WORD
འོལ་	འོལ་	NO_POS
།		PUNCT
མེད་	མེད་	VERB
བཞིན་	བཞིན་	NOUN
སྣང་བ་	སྣང་བ་	VERB
།		PUNCT
སྣང་	སྣང་	VERB
དུས་	དུས་	NOUN
ཉིད་	ཉིད་	DET
ན་	ནས་	PART
རང་བཞིན་	རང་བཞིན་	NOUN
མེད་པ་	མེད་པ་	VERB
།		PUNCT
བློ་	བློ་	NOUN
ས་	གིས་	PART
དཔྱད་	དཔྱད་	VERB
མི་	མི་	PART
བཟོད་པ་	བཟོད་པ་	VERB
།		PUNCT
ཀུན་རྫོབ་	ཀུན་རྫོབ་	NOUN
འཁྲུལ་པ་	འཁྲུལ་པ་	NO_POS
འི་	གི་	PART
ངོ་	ངོ་	PART
ར་	ལ་	PART
སྣང་	སྣང་	VERB
ཙམ་	ཙམ་	DET
ངྷ་		NON_WORD
དུ་	ལ་	PART
ར་	ར་	ADP
ཟོས་པ་	ཟོས་པ་	VERB
འི་	གི་	PART
སྣང་བ་	སྣང་བ་	VERB
དང་	དང་	NO_POS
འདྲ་བ་	འདྲ་བ་	VERB
ར་	ལ་	PART
།		PUNCT
བར་སྐབས་	བར་སྐབས་	NOUN
སུ་	ལ་	PART
གཟུང་འཛིན་	གཟུང་འཛིན་	NOUN
ལ་	ལ་	PART
བདེན་པ་	བདེན་པ་	VERB
ར་	ལ་	PART
ཞེན་པ་	ཞེན་པ་	VERB
འི་	གི་	PART
མཐུ་	མཐུ་	NOUN
ས་	གིས་	PART
སྣང་བ་	སྣང་བ་	VERB
ར་	ལ་	PART
ཤེས་པ་	ཤེས་པ་	VERB
ར་	ལ་	PART
བྱ་	བྱ་	VERB
འོ་	གོ་	PART
། །		PUNCT
འོད་གསལ་བ་	འོད་གསལ་བ་	NO_POS
འི་	གི་	PART
སྙིང་པོ་	སྙིང་པོ་	NOUN
ནི་	ནི་	NO_POS
།		PUNCT
དོན་དམ་པ་	དོན་དམ་པ་	NOUN
འི་	གི་	PART
བདེན་པ་	བདེན་པ་	VERB
།		PUNCT
རྟག་པ་	རྟག་པ་	VERB
།		PUNCT
བརྟན་པ་	བརྟན་པ་	VERB
།		PUNCT
འཕོ་འགྱུར་	འཕོ་འགྱུར་	NOUN
མེད་པ་	མེད་པ་	VERB
།		PUNCT
རབ་ཏུ་	རབ་ཏུ་	NO_POS
ཞི་བ་	ཞི་བ་	VERB
།		PUNCT
མི་	མི་	PART
བསླུ་བ་	བསླུ་བ་	VERB
།		PUNCT
ཐོག་མ་	ཐོག་མ་	NOUN
མེད་པ་	མེད་པ་	VERB
ན་	ནས་	PART
ཐ་མ་	ཐ་མ་	ADJ
འི་	གི་	PART
བ་	བ་	NOUN
གཞི་	གཞི་	NOUN
ཇི་བཞིན་པ་	ཇི་བཞིན་པ་	OTHER
ཡེ་ཤེས་	ཡེ་ཤེས་	NOUN
ཀྱི་	གི་	PART
ངོ་བོ་	ངོ་བོ་	NOUN
སྤྲོས་པ་	སྤྲོས་པ་	VERB
འི་	གི་	PART
མཐའ་	མཐའ་	NOUN
ཐམས་ཅད་	ཐམས་ཅད་	DET
དང་	དང་	NO_POS
བྲལ་	བྲལ་	VERB
ཞིང་	ཅིང་	PART
།		PUNCT
སེམས་	སེམས་	NOUN
དང་སེམས་	དང་སེམས་	NO_POS
ལ་	ལ་	ADP
ས་	གིས་	PART
བྱུང་བ་	བྱུང་བ་	VERB
འི་	གི་	PART
ཆོ་	ཆོ་	NOUN
ཐམས་ཅད་	ཐམས་ཅད་	DET
ཀྱི་	གི་	PART
དྲི་མ་	དྲི་མ་	NOUN
ས་	གིས་	PART
མ་	མ་	PART
གོ་	གོ་	NOUN
མི་	མི་	PART
གོ་	གོ་	NOUN
གོས་པ་	གོས་པ་	VERB
མེད་པ་	མེད་པ་	VERB
འི་	གི་	PART
རང་བཞིན་	རང་བཞིན་	NOUN
མཉམ་པ་	མཉམ་པ་	VERB
ཉི་མ་	ཉི་མ་	NOUN
འི་	གི་	PART
དཀྱིལ་འཁོར་	དཀྱིལ་འཁོར་	NOUN
སྒྲིབ་པ་	སྒྲིབ་པ་	VERB
མེད་པ་	མེད་པ་	VERB
ལྟ་བུ་	ལྟ་བུ་	NOUN
ར་	ལ་	PART
ཤེས་པ་	ཤེས་པ་	VERB
ར་	ལ་	PART
བྱ་	བྱ་	VERB
འོ་	གོ་	PART
། །		PUNCT
དོན་	དོན་	NOUN
གཉིས་པ་	གཉིས་པ་	NUM
ལམ་	གམ་	PART
ཉམས་	ཉམས་	NOUN
སུ་	ལ་	PART
བླང་བ་	བླང་བ་	VERB
ནི་	ནི་	NO_POS
།		PUNCT
དེ་ལྟ་	དེ་ལྟ་	NO_POS
སངས་རྒྱས་	སངས་རྒྱས་	NOUN
ཀྱི་	གི་	PART
སྙིང་པོ་	སྙིང་པོ་	NOUN
རང་	རང་	PRON
ལ་	ལ་	PART
ཡོད་པ་	ཡོད་པ་	VERB
ར་	ལ་	PART
རྟོགས་	རྟོགས་	VERB
ན་	ནས་	PART
དེ་	དེ་	DET
འི་	གི་	PART
ངང་	ངང་	NOUN
དུ་	ལ་	PART
བསྒོམ་པ་	བསྒོམ་པ་	VERB
སྟེ་	སྟེ་	PART
།		PUNCT
དེ་	དེ་	DET
འང་	ཀྱང་	PART
ཕ་རོལ་	ཕ་རོལ་	NOUN
ཏུ་	ལ་	PART
ཕྱིན་པ་	ཕྱིན་པ་	VERB
འི་	གི་	PART
ལུགས་	ལུགས་	NOUN
ཀྱིས་	གིས་	PART
སེམས་བསྐྱེད་	སེམས་བསྐྱེད་	NOUN
ན་	ནས་	PART
བསྒོམས་	བསྒོམས་	VERB
ལ་	ལ་	PART
།		PUNCT
སྔགས་	སྔགས་	NOUN
ཀྱིས་	གིས་	PART
དེ་	དེ་	DET
འི་	གི་	PART
སྟེང་	སྟེང་	NOUN
དུ་	ལ་	PART
དབང་	དབང་	NOUN
གིས་	གིས་	PART
སྨིན་པ་	སྨིན་པ་	VERB
ར་	ལ་	PART
བྱ་	བྱ་	VERB
ཏེ་	སྟེ་	PART
གདམས་པ་	གདམས་པ་	VERB
ས་	གིས་	PART
གྲོལ་བ་	གྲོལ་བ་	VERB
ར་	ལ་	PART
བྱེད་པ་	བྱེད་པ་	VERB
འོ་	གོ་	PART
། །		PUNCT
འདི་	འདི་	DET
ར་	ལ་	PART
ངོ་བོ་	ངོ་བོ་	NOUN
གཅིག་	གཅིག་	NUM
ཏུ་	ལ་	PART
ཉམས་	ཉམས་	NOUN
སུ་	ལ་	PART
ལེན་	ལེན་	VERB
ཚུལ་	ཚུལ་	NOUN
མདོ་	མདོ་	NOUN
དང་	དང་	NO_POS
མཐུན་	མཐུན་	VERB
ཏེ་	སྟེ་	PART
།		PUNCT
དེ་ཡང་	དེ་ཡང་	ADV
སྟན་	སྟན་	NOUN
བདེ་བ་	བདེ་བ་	VERB
ལ་	ལ་	PART
འདུག་	འདུག་	VERB
ན་	ནས་	PART
སྐྱབས་	སྐྱབས་	NOUN
སུ་	ལ་	PART
འགྲོ་བ་	འགྲོ་བ་	VERB
དང་སེམས་	དང་སེམས་	NO_POS
བསྐྱེད་	བསྐྱེད་	VERB
དེ་	སྟེ་	PART
།		PUNCT
གང་	གང་	NO_POS
ལ་མོ་	ལ་མོ་	OTHER
ས་པ་	ས་པ་	PART
འི་	གི་	PART
ལྷ་	ལྷ་	NOUN
ར་	ལ་	PART
སྐད་ཅིག་	སྐད་ཅིག་	OTHER
གིས་	གིས་	PART
གསལ་བཏབ་པ་	གསལ་བཏབ་པ་	NO_POS
འི་	གི་	PART
རྗེས་	རྗེས་	NOUN
ལ་	ལ་	PART
།		PUNCT
རྣམ་སྣང་	རྣམ་སྣང་	PROPN
གི་	གི་	PART
ཆོ་	ཆོ་	NOUN
བདུན་	བདུན་	NUM
དང་	དང་	NO_POS
ལྡན་པ་	ལྡན་པ་	VERB
ས་	གིས་	PART
གང་	གང་	NO_POS
ལ་	ལ་	ADP
འང་	ཀྱང་	PART
མི་	མི་	PART
རྟོག་	རྟོག་	VERB
ཅིང་	ཅིང་	PART
ཅི་	ཅི་	NO_POS
ལ་	ལ་	ADP
འང་	ཀྱང་	PART
མི་	མི་	PART
འཛིན་	འཛིན་	VERB
ཡུལ་	ཡུལ་	NOUN
སྣང་	སྣང་	VERB
ཐོག་	ཐོག་	NOUN
ཏུ་	ལ་	PART
བློ་	བློ་	NOUN
ས་	གིས་	PART
མ་	མ་	PART
བཟུང་བ་	བཟུང་བ་	VERB
འི་	གི་	PART
རིག་པ་	རིག་པ་	VERB
སལ་	སལ་	NO_POS
ལེ་	ལེ་	NO_POS
སིང་	སིང་	NO_POS
ངེ་	ངེ་	NO_POS
ཝ་ལེ་བ་	ཝ་ལེ་བ་	ADV
འི་	གི་	PART
ངང་	ངང་	NOUN
ལ་	ལ་	PART
མཉམ་པ་	མཉམ་པ་	VERB
ར་	ལ་	PART
བཞག་པ་	བཞག་པ་	VERB
ནི་	ནི་	NO_POS
།		PUNCT
འོད་གསལ་བ་	འོད་གསལ་བ་	NO_POS
འི་	གི་	PART
དོན་	དོན་	NOUN
ལ་	ལ་	PART
འཇོག་པ་	འཇོག་པ་	VERB
ཡིན་	ཡིན་	NO_POS
ཏེ་	སྟེ་	PART
།		PUNCT
འཕགས་པ་	འཕགས་པ་	VERB
ཀླུ་སྒྲུབ་	ཀླུ་སྒྲུབ་	PROPN
ཀྱིས་	གིས་	PART
དབུ་མ་	དབུ་མ་	PROPN
སྐྱེ་	སྐྱེ་	NOUN
མེད་	མེད་	VERB
རིན་པོ་ཆེ་	རིན་པོ་ཆེ་	ADJ
འི་	གི་	PART
མཛོད་	མཛོད་	NOUN
ལ་	ལ་	ADP
ས་	གིས་	PART
།		PUNCT
ག་	ག་	NOUN
ཡང་	ཀྱང་	PART
མ་	མ་	PART
རྟོག་	རྟོག་	VERB
ཅིར་	ཅིར་	NO_POS
ཡང་	ཀྱང་	PART
མ་	མ་	PART
འཛིན་	འཛིན་	VERB
ཅིག་	ཅིག་	PART
།		PUNCT
བཅས་བཅོས་	བཅས་བཅོས་	NOUN
མ་	མ་	PART
བྱེད་	བྱེད་	VERB
རང་བཞིན་	རང་བཞིན་	NOUN
ལྷུག་པ་	ལྷུག་པ་	NO_POS
ར་	ལ་	PART
ཞོག་	ཞོག་	VERB
།		PUNCT
མ་བཅོས་པ་	མ་བཅོས་པ་	NO_POS
དེ་	སྟེ་	PART
སྐྱེ་	སྐྱེ་	NOUN
མེད་	མེད་	VERB
རིན་ཆེན་	རིན་ཆེན་	OTHER
མཛོད་	མཛོད་	NOUN
། །		PUNCT
དུས་གསུམ་	དུས་གསུམ་	OTHER
རྒྱལ་བ་	རྒྱལ་བ་	NOUN
ཀུན་	ཀུན་	DET
གྱི་	གི་	PART
གཤེགས་	གཤེགས་	VERB
ཤུལ་	ཤུལ་	NOUN
ལགས་	ལགས་	AUX
། །		PUNCT
ཞེས་་	ཞེས་པ་	PART
དང་	དང་	NO_POS
།		PUNCT
ཧེ་རུ་ཀ་	ཧེ་རུ་ཀ་	NOUN
གལྤོ་		NON_WORD
ལ་	ལ་	ADP
ས་	གིས་	PART
།		PUNCT
བསམ་	བསམ་	NOUN
དུ་	ལ་	PART
མེད་	མེད་	VERB
དེ་	སྟེ་	PART
སེམས་ཉིད་	སེམས་ཉིད་	NOUN
ནམ་མཁའ་	ནམ་མཁའ་	NOUN
ཆེ་	ཆེ་	VERB
། །		PUNCT
སེམས་ཉིད་	སེམས་ཉིད་	NOUN
ནམ་མཁའ་	ནམ་མཁའ་	NOUN
བསམ་པ་	བསམ་པ་	VERB
ཀུན་	ཀུན་	DET
དང་	དང་	NO_POS
བྲལ་	བྲལ་	VERB
། །		PUNCT
བསམ་	བསམ་	NOUN
དུ་	ལ་	PART
མེད་པ་	མེད་པ་	VERB
འི་	གི་	PART
སེམས་ཉིད་	སེམས་ཉིད་	NOUN
ནམ་མཁའ་	ནམ་མཁའ་	NOUN
ནི་	ནི་	NO_POS
། །		PUNCT
ནམ་མཁའ་	ནམ་མཁའ་	NOUN
མི་	མི་	PART
དམིགས་པ་	དམིགས་པ་	VERB
ཡང་	ཀྱང་	PART
དམིགས་	དམིགས་	VERB
སུ་	ལ་	PART
མེད་	མེད་	VERB
། །		PUNCT
ཅེས་	ཅེས་	PART
སོ་	གོ་	PART
། །		PUNCT
དེ་ཡང་	དེ་ཡང་	ADV
དེ་	དེ་	DET
འི་	གི་	PART
ཚེ་	ཚེ་	NOUN
སེམས་	སེམས་	NOUN
དང་སེམས་	དང་སེམས་	NO_POS
བྱུང་	བྱུང་	VERB
ཐམས་ཅད་	ཐམས་ཅད་	DET
འགག་	འགག་	VERB
ས་	གིས་	PART
ན་	ནས་	PART
རྣམ་པ་	རྣམ་པ་	NOUN
ར་	ལ་	PART
མི་	མི་	PART
རྟོག་པ་	རྟོག་པ་	VERB
འི་	གི་	PART
ཡེ་ཤེས་	ཡེ་ཤེས་	NOUN
སོ་སོ་	སོ་སོ་	PRON
རང་རིག་པ་	རང་རིག་པ་	NO_POS
འི་	གི་	PART
ངོ་བོ་	ངོ་བོ་	NOUN
ར་	ལ་	PART
གནས་པ་	གནས་པ་	VERB
སྟེ་	སྟེ་	PART
།		PUNCT
ལུང་	ལུང་	NOUN
ལ་	ལ་	ADP
ས་	གིས་	PART
།		PUNCT
སྨྲ་	སྨྲ་	VERB
བསམ་བརྗོད་	བསམ་བརྗོད་	NO_POS
མེད་	མེད་	VERB
ཤེས་རབ་	ཤེས་རབ་	NOUN
ཕ་རོལ་	ཕ་རོལ་	NOUN
ཕྱིན་	ཕྱིན་	VERB
། །		PUNCT
མ་	མ་	PART
སྐྱེ་	སྐྱེ་	VERB
མི་	མི་	PART
འགག་	འགག་	VERB
ས་	གིས་	PART
ནམ་མཁ་	ནམ་མཁའ་	NOUN
འི་	གི་	PART
ངོ་བོ་	ངོ་བོ་	NOUN
ཉིད་	ཉིད་	DET
། །		PUNCT
སོ་སོ་	སོ་སོ་	PRON
རང་རིག་	རང་རིག་	NO_POS
ཡེ་ཤེས་	ཡེ་ཤེས་	NOUN
སྤྱོད་ཡུལ་བ་	སྤྱོད་ཡུལ་བ་	NOUN
། །		PUNCT
དུས་གསུམ་	དུས་གསུམ་	OTHER
རྒྱལ་བ་	རྒྱལ་བ་	NOUN
འི་	གི་	PART
ཡུམ་	ཡུམ་	NOUN
ལ་	ལ་	PART
ཕྱག་	ཕྱག་	NOUN
འཚལ་	འཚལ་	VERB
ལོ་	གོ་	PART
། །		PUNCT
ཞེ་	ཅེས་	PART
སོ་	གོ་	PART
། །		PUNCT
དེ་	དེ་	DET
འང་	ཀྱང་	PART
དོན་དམ་པ་	དོན་དམ་པ་	NOUN
འི་	གི་	PART
བདེན་པ་	བདེན་པ་	VERB
ནི་	ནི་	NO_POS
སེམས་	སེམས་	NOUN
བློ་	བློ་	NOUN
འི་	གི་	PART
ཡུལ་	ཡུལ་	NOUN
ལ་	ལ་	ADP
ས་	གིས་	PART
འདས་པ་	འདས་པ་	VERB
ཞེས་་	ཞེས་པ་	PART
འང་	ཀྱང་	PART
ཚུལ་	ཚུལ་	NOUN
དེ་	སྟེ་	PART
ལ་	ལ་	PART
ཟེ་	ཟེ་	VERB
གྱི་	གི་	PART
།		PUNCT
སེམས་	སེམས་	NOUN
འགག་	འགག་	VERB
ས་	གིས་	PART
ཤིང་	ཅིང་	PART
བློ་	བློ་	NOUN
ལ་	ལ་	ADP
ས་	གིས་	PART
འདས་པ་	འདས་པ་	VERB
འི་	གི་	PART
དུས་	དུས་	NOUN
ན་	ལ་	PART
ཡེ་ཤེས་	ཡེ་ཤེས་	NOUN
རང་	རང་	PRON
ལ་	ལ་	PART
གནས་པ་	གནས་པ་	VERB
དེ་	སྟེ་	PART
ནི་	ནི་	NO_POS
ཆོས་ཉིད་	ཆོས་ཉིད་	NOUN
དེ་	སྟེ་	PART
སྤྲིན་	སྤྲིན་	NOUN
དང་	དང་	NO_POS
བྲལ་བ་	བྲལ་བ་	VERB
ས་	གིས་	PART
ཉི་མ་	ཉི་མ་	NOUN
གསལ་བ་	གསལ་བ་	VERB
བཞིན་	བཞིན་	NOUN
ནོ་	གོ་	PART
། །		PUNCT
དེ་ལྟ་	དེ་ལྟ་	NO_POS
མཉམ་པ་	མཉམ་པ་	VERB
ར་	ལ་	PART
འཇོག་པ་	འཇོག་པ་	VERB
ལ་	ལ་	PART
དངས་		NON_WORD
སྙིགས་	སྙིགས་	NO_POS
ཕྱེད་པ་	ཕྱེད་པ་	VERB
འི་	གི་	PART
བོག་	བོག་	NO_POS
འབྱིན་	འབྱིན་	VERB
དུ་	ལ་	PART
ནམ་མཁའ་	ནམ་མཁའ་	NOUN
སྤྲིན་	སྤྲིན་	NOUN
མེད་པ་	མེད་པ་	VERB
འི་	གི་	PART
ཚེ་	ཚེ་	NOUN
ཉི་མ་	ཉི་མ་	NOUN
ལ་	ལ་	PART
རྒྱབ་ཕྱོགས་པ་	རྒྱབ་ཕྱོགས་པ་	NO_POS
ར་	ལ་	PART
འདུག་	འདུག་	VERB
སྟེ་	སྟེ་	PART
།		PUNCT
མིག་	མིག་	NOUN
ནམ་མཁ་	ནམ་མཁའ་	NOUN
འི་	གི་	PART
དཀྱིལ་	དཀྱིལ་	NOUN
ལམ་	གམ་	PART
ངོ་	ངོ་	NOUN
དེ་	དེ་	DET
ར་	ལ་	PART
བལྟས་་	བལྟས་པ་	VERB
ས་	གིས་	PART
ཤེས་པ་	ཤེས་པ་	VERB
དྭངས་	དྭངས་	NO_POS
ལ་	ལ་	PART
རྟོག་	རྟོག་	VERB
མེད་	མེད་	VERB
འབྱུང་	འབྱུང་	VERB
ངོ་	གོ་	PART
། །		PUNCT
དེ་	དེ་	DET
འི་	གི་	PART
ཚེ་	ཚེ་	NOUN
སེམས་	སེམས་	NOUN
འགགས་པ་	འགགས་པ་	VERB
ས་	གིས་	PART
ཕྱི་རོལ་	ཕྱི་རོལ་	NOUN
སྣང་ཡུལ་	སྣང་ཡུལ་	OTHER
ལ་	ལ་	PART
དངོས་པོ་	དངོས་པོ་	NOUN
ངོས་བཟུང་	ངོས་བཟུང་	NOUN
དུ་	ལ་	PART
འཛིན་པ་	འཛིན་པ་	VERB
དང་	དང་	NO_POS
།		PUNCT
ནང་སེམས་	ནང་སེམས་	OTHER
དངོས་པོ་	དངོས་པོ་	NOUN
ངོས་བཟུང་	ངོས་བཟུང་	NOUN
དུ་	ལ་	PART
འཛིན་པ་	འཛིན་པ་	VERB
གཉིས་	གཉིས་	NUM
དམིགས་པ་	དམིགས་པ་	VERB
མེད་པ་	མེད་པ་	VERB
ས་	གིས་	PART
དངོས་པོ་	དངོས་པོ་	NOUN
དང་	དང་	NO_POS
དངོས་པོ་	དངོས་པོ་	NOUN
མེད་པ་	མེད་པ་	VERB
ལ་	ལ་	PART
མི་	མི་	PART
རྟོག་པ་	རྟོག་པ་	VERB
ན་	ལ་	PART
།		PUNCT
དེ་	སྟེ་	PART
གཉིས་	གཉིས་	NUM
ལ་	ལ་	ADP
ས་	གིས་	PART
གཞན་	གཞན་	DET
དུ་	ལ་	PART
འཛིན་པ་	འཛིན་པ་	VERB
འི་	གི་	PART
ཕུང་པོ་	ཕུང་པོ་	NOUN
གསུམ་པ་	གསུམ་པ་	NUM
དམིགས་པ་	དམིགས་པ་	VERB
མེད་པ་	མེད་པ་	VERB
ཞི་བ་	ཞི་བ་	VERB
སྟེ་	སྟེ་	PART
།		PUNCT
སྤྱོད་འཇུག་	སྤྱོད་འཇུག་	PROPN
ལ་	ལ་	ADP
ས་	གིས་	PART
།		PUNCT
གང་	གང་	NO_POS
ཚེ་	ཚེ་	NOUN
དངོ་	དངོ་	NOUN
དང་	དང་	NO_POS
དངོས་མེད་	དངོས་མེད་	NOUN
དག་	དག་	DET
།		PUNCT
བློ་	བློ་	NOUN
ཡི་	གི་	PART
མདུན་	མདུན་	NOUN
ན་	ལ་	PART
མི་	མི་	PART
གནས་པ་	གནས་པ་	VERB
།།		PUNCT
དེ་	སྟེ་	PART
ཚེ་	ཚེ་	NOUN
རྣམ་པ་	རྣམ་པ་	NOUN
གཞན་	གཞན་	DET
མེད་པ་	མེད་པ་	VERB
ས་	གིས་	PART
། །		PUNCT
དམིགས་པ་	དམིགས་པ་	VERB
མེད་པ་	མེད་པ་	VERB
རབ་ཏུ་	རབ་ཏུ་	NO_POS
ཞི་	ཞི་	VERB
། །		PUNCT
ཞེས་་	ཞེས་པ་	PART
དང་	དང་	NO_POS
།		PUNCT
མཚན་	མཚན་	NOUN
བརྗོད་	བརྗོད་	VERB
ལ་	ལ་	ADP
ས་	གིས་	PART
།		PUNCT
སོ་སོ་	སོ་སོ་	PRON
རང་རིག་	རང་རིག་	NO_POS
མི་གཡོ་བ་	མི་གཡོ་བ་	NO_POS
། །		PUNCT
ཞེས་་	ཞེས་པ་	PART
དང་	དང་	NO_POS
།		PUNCT
དོ་ཧ་	དོ་ཧ་	OTHER
ལ་	ལ་	ADP
ས་	གིས་	PART
།		PUNCT
ཆུ་	ཆུ་	NOUN
དང་	དང་	NO_POS
མར་མེ་	མར་མེ་	NOUN
རང་	རང་	PRON
གསལ་	གསལ་	VERB
གཅིག་པུ་	གཅིག་པུ་	ADJ
ར་	ལ་	PART
ཞོག་	ཞོག་	VERB
།		PUNCT
ཅེས་	ཅེས་	PART
དང་	དང་	NO_POS
།		PUNCT
ཏོག་རྩེ་པ་	ཏོག་རྩེ་པ་	NO_POS
ས་	གིས་	PART
།		PUNCT
སེམས་	སེམས་	NOUN
ཀྱིས་	གིས་	PART
བསྒོམ་པ་	བསྒོམ་པ་	VERB
བསྒོམ་	བསྒོམ་	VERB
མ་	མ་	PART
ཡིན་	ཡིན་	NO_POS
། །		PUNCT
མི་	མི་	PART
སྒོམ་པ་	སྒོམ་པ་	VERB
འང་	ཀྱང་	PART
སྒོམ་པ་	སྒོམ་པ་	VERB
མིན་	མིན་	AUX
། །		PUNCT
སྒོམ་	སྒོམ་	VERB
དང་	དང་	NO_POS
མི་	མི་	PART
སྒོམ་	སྒོམ་	VERB
ལ་	ལ་	ADP
ས་	གིས་	PART
འདས་པ་	འདས་པ་	VERB
། །		PUNCT
ཡིད་	ཡིད་	NOUN
ལ་	ལ་	PART
མེད་	མེད་	VERB
དོ་	གོ་	PART
ཕྱག་རྒྱ་	ཕྱག་རྒྱ་	NOUN
ཆེ་	ཆེ་	VERB
། །		PUNCT
ཞེ་	ཅེས་	PART
གསུངས་པ་	གསུངས་པ་	VERB
འི་	གི་	PART
དོན་	དོན་	NOUN
ཏེ་	སྟེ་	PART
།		PUNCT
དེ་	དེ་	DET
འི་	གི་	PART
ཚེ་	ཚེ་	NOUN
སེམས་	སེམས་	NOUN
འགགས་པ་	འགགས་པ་	VERB
འི་	གི་	PART
དོན་	དོན་	NOUN
རིག་པ་	རིག་པ་	VERB
ཡེ་ཤེས་	ཡེ་ཤེས་	NOUN
ཀྱི་	གི་	PART
སྐུ་	སྐུ་	NOUN
མངོན་དུ་	མངོན་དུ་	NO_POS
གྱུར་པ་	གྱུར་པ་	VERB
སྟེ་	སྟེ་	PART
།		PUNCT
སེམས་	སེམས་	NOUN
འགགས་པ་	འགགས་པ་	VERB
དེ་	སྟེ་	PART
སྐུ་	སྐུ་	NOUN
ཡི་	གིས་	PART
མངོན་སུམ་	མངོན་སུམ་	NOUN
མཛད་	མཛད་	VERB
། །		PUNCT
ཅེས་པ་	ཅེས་པ་	PART
འི་	གི་	PART
ཟུར་	ཟུར་	NOUN
གཅིག་	གཅིག་	NUM
ཡིན་	ཡིན་	NO_POS
ནོ་	གོ་	PART
། །		PUNCT
དེ་ཡང་	དེ་ཡང་	ADV
ཏིང་ངེ་འཛིན་	ཏིང་ངེ་འཛིན་	NOUN
ཡང་དག་པ་	ཡང་དག་པ་	ADJ
ཞིག་	ཅིག་	PART
ཡིན་	ཡིན་	NO_POS
ན་	ལ་	PART
།		PUNCT
ཀུན་གཞི་	ཀུན་གཞི་	NOUN
དང་	དང་	NO_POS
ཀུན་གཞི་	ཀུན་གཞི་	NOUN
འི་	གི་	PART
རྣམ་ཤེས་	རྣམ་ཤེས་	NOUN
ཀྱི་	གི་	PART
སེམས་	སེམས་	NOUN
དང་	དང་	NO_POS
།		PUNCT
ཡིད་ཤེས་	ཡིད་ཤེས་	NO_POS
དང་	དང་	NO_POS
།		PUNCT
སྒོ་	སྒོ་	NOUN
ལྔ་	ལྔ་	NUM
འི་	གི་	PART
རྣམ་པ་	རྣམ་པ་	NOUN
ར་	ལ་	PART
ཤེས་པ་	ཤེས་པ་	VERB
ཐམས་ཅད་	ཐམས་ཅད་	DET
དང་	དང་	NO_POS
བྲལ་བ་	བྲལ་བ་	VERB
འི་	གི་	PART
རིག་པ་	རིག་པ་	VERB
འི་	གི་	PART
ངང་	ངང་	NOUN
ལས་མི་	ལས་མི་	NOUN
གཡོ་བ་	གཡོ་བ་	VERB
འབྱུང་	འབྱུང་	VERB
སྟེ་	སྟེ་	PART
།		PUNCT
དཀོན་མཆོག་	དཀོན་མཆོག་	NOUN
བརྩེགས་པ་	བརྩེགས་པ་	VERB
འི་	གི་	PART
གསང་བ་	གསང་བ་	VERB
བསམ་	བསམ་	NOUN
གིས་	གིས་	PART
མི་	མི་	PART
ཁྱབ་པ་	ཁྱབ་པ་	VERB
འི་	གི་	PART
ལེའུ་	ལེའུ་	NOUN
ལ་	ལ་	ADP
ས་	གིས་	PART
།		PUNCT
སེམས་	སེམས་	NOUN
དང་	དང་	NO_POS
ཡིད་	ཡིད་	NOUN
དང་	དང་	NO_POS
རྣམ་པ་	རྣམ་པ་	NOUN
ར་	ལ་	PART
ཤེས་པ་	ཤེས་པ་	VERB
ཐམས་ཅད་	ཐམས་ཅད་	DET
དང་	དང་	NO_POS
བྲལ་	བྲལ་	VERB
ལ་	ལ་	PART
།		PUNCT
ཏིང་ངེ་འཛིན་	ཏིང་ངེ་འཛིན་	NOUN
གྱི་	གི་	PART
གནས་	གནས་	NOUN
ཀྱང་	ཀྱང་	PART
མི་	མི་	PART
འདོར་བ་	འདོར་བ་	VERB
སྟེ་	སྟེ་	PART
།		PUNCT
ཞེ་	ཅེས་	PART
གསུངས་པ་	གསུངས་པ་	VERB
ཡིན་	ཡིན་	NO_POS
ནོ་	གོ་	PART
། །		PUNCT
དེ་ལྟ་	དེ་ལྟ་	NO_POS
བསྒོམས་པ་	བསྒོམས་པ་	VERB
ས་	གིས་	PART
ཉམས་	ཉམས་	NOUN
བདེ་བ་	བདེ་བ་	VERB
།		PUNCT
གསལ་བ་	གསལ་བ་	VERB
།		PUNCT
མི་	མི་	PART
རྟོག་པ་	རྟོག་པ་	VERB
གསུམ་	གསུམ་	NUM
ངང་	ངང་	NOUN
གིས་	གིས་	PART
འབྱུང་	འབྱུང་	VERB
ཞིང་	ཅིང་	PART
གཞན་	གཞན་	DET
ཡང་	ཀྱང་	PART
ཚད་	ཚད་	NOUN
མེད་	མེད་	VERB
དེ་	སྟེ་	PART
།		PUNCT
མདོ་	མདོ་	NOUN
གདམས་ངག་	གདམས་ངག་	NOUN
འབོག་པ་	འབོག་པ་	VERB
འི་	གི་	PART
རྒྱལ་པོ་	རྒྱལ་པོ་	NOUN
ལ་	ལ་	ADP
ས་	གིས་	PART
།		PUNCT
བསམ་	བསམ་	NOUN
དུ་	ལ་	PART
མེད་པ་	མེད་པ་	VERB
འི་	གི་	PART
ཆོས་ཉིད་	ཆོས་ཉིད་	NOUN
ལ་	ལ་	PART
། །		PUNCT
བསམ་	བསམ་	NOUN
དུ་	ལ་	PART
མེད་པ་	མེད་པ་	VERB
འི་	གི་	PART
བློ་	བློ་	NOUN
བཞག་	བཞག་	VERB
ན་	ལ་	PART
། །		PUNCT
ཕྱོགས་རིས་	ཕྱོགས་རིས་	NOUN
མེད་པ་	མེད་པ་	VERB
འི་	གི་	PART
ཉམས་མྱོང་	ཉམས་མྱོང་	NOUN
སྐྱེ་	སྐྱེ་	NOUN
། །		PUNCT
ཞེ་	ཅེས་	PART
སོ་	གོ་	PART
། །		PUNCT
དེ་	དེ་	DET
འང་	ཀྱང་	PART
ཏིང་ངེ་འཛིན་	ཏིང་ངེ་འཛིན་	NOUN
འདི་ཉིད་	འདི་ཉིད་	OTHER
ཁམས་	ཁམས་	NOUN
གསུམ་པ་	གསུམ་པ་	NUM
འི་	གི་	PART
སེམས་	སེམས་	NOUN
དང་	དང་	NO_POS
བྲལ་བ་	བྲལ་བ་	VERB
འི་	གི་	PART
ཚུལ་	ཚུལ་	NOUN
ནི་	ནི་	NO_POS
།		PUNCT
གཟུགས་	གཟུགས་	NOUN
མེད་	མེད་	VERB
ན་	ལ་	PART
རྟོགས་	རྟོགས་	VERB
མེད་	མེད་	VERB
རྩེ་གཅིག་པ་	རྩེ་གཅིག་པ་	ADJ
སྣང་ཡུལ་	སྣང་ཡུལ་	OTHER
མེད་པ་	མེད་པ་	VERB
ཡིན་	ཡིན་	NO_POS
ལ་	ལ་	PART
།		PUNCT
འདི་	འདི་	DET
ནི་	ནི་	NO_POS
རྣམ་རྟོག་	རྣམ་རྟོག་	NOUN
མེད་	མེད་	VERB
ཀྱང་	ཀྱང་	PART
ཡུལ་	ཡུལ་	NOUN
སྣང་བ་	སྣང་བ་	VERB
མི་	མི་	PART
འགོག་པ་	འགོག་པ་	VERB
དང་	དང་	NO_POS
།		PUNCT
རྩེ་གཅིག་པ་	རྩེ་གཅིག་པ་	ADJ
འི་	གི་	PART
འཛིན་པ་	འཛིན་པ་	VERB
མེད་པ་	མེད་པ་	VERB
འོ་	གོ་	PART
། །		PUNCT
གཟུགས་	གཟུགས་	NOUN
ཀྱི་	གི་	PART
སེམས་	སེམས་	NOUN
ནི་	ནི་	NO_POS
ཡུལ་	ཡུལ་	NOUN
སྣང་བ་	སྣང་བ་	VERB
ཡིན་ཡང་	ཡིན་ཡང་	NO_POS
རྟོག་དཔྱོད་	རྟོག་དཔྱོད་	NO_POS
ཀྱི་	གི་	PART
ཆ་	ཆ་	NOUN
དང་	དང་	NO_POS
བཅས་པ་	བཅས་པ་	VERB
དང་	དང་	NO_POS
།		PUNCT
རྟོག་དཔྱོད་	རྟོག་དཔྱོད་	NO_POS
མེད་	མེད་	VERB
ཅིང་	ཅིང་	PART
བསམ་གཏན་	བསམ་གཏན་	NOUN
གྱི་	གི་	PART
དགའ་བ་	དགའ་བ་	VERB
ས་	གིས་	PART
བརྒྱན་	བརྒྱན་	VERB
ཀྱང་	ཀྱང་	PART
འཛིན་པ་	འཛིན་པ་	VERB
ལས་མ་	ལས་མ་	NO_POS
འདས་པ་	འདས་པ་	VERB
སྟེ་	སྟེ་	PART
།		PUNCT
མཐའ་མ་	མཐའ་མ་	NOUN
ཆོད་པ་	ཆོད་པ་	VERB
ས་	གིས་	PART
བློ་	བློ་	NOUN
འི་	གི་	PART
ཡུལ་	ཡུལ་	NOUN
ལས་མ་	ལས་མ་	NO_POS
འདས་པ་	འདས་པ་	VERB
དང་	དང་	NO_POS
།		PUNCT
འདོད་པ་	འདོད་པ་	VERB
འི་	གི་	PART
སེམས་	སེམས་	NOUN
ནི་	ནི་	NO_POS
གཙོ་བོ་	གཙོ་བོ་	ADJ
ར་	ལ་	PART
རྟོག་དཔྱོད་	རྟོག་དཔྱོད་	NO_POS
དང་	དང་	NO_POS
བཅས་པ་	བཅས་པ་	VERB
སྟེ་	སྟེ་	PART
།		PUNCT
འདི་	འདི་	DET
ར་	ལ་	PART
ནི་	ནི་	NO_POS
མི་	མི་	PART
རྟོག་པ་	རྟོག་པ་	VERB
འི་	གི་	PART
ཡེ་ཤེས་	ཡེ་ཤེས་	NOUN
ཡིན་པ་	ཡིན་པ་	AUX
དང་	དང་	NO_POS
།		PUNCT
གཞན་	གཞན་	DET
ཡང་	ཀྱང་	PART
ཁམས་	ཁམས་	NOUN
གསུམ་	གསུམ་	NUM
སོ་སོ་	སོ་སོ་	PRON
འི་	གི་	PART
ཏིང་ངེ་འཛིན་	ཏིང་ངེ་འཛིན་	NOUN
དེ་	སྟེ་	PART
ནི་	ནི་	NO_POS
སེམས་	སེམས་	NOUN
ཀྱི་	གི་	PART
སྣང་ཡུལ་	སྣང་ཡུལ་	OTHER
བག་ཆགས་	བག་ཆགས་	NOUN
དང་	དང་	NO_POS
བཅས་པ་	བཅས་པ་	VERB
ས་	གིས་	PART
།		PUNCT
གནས་ལུགས་	གནས་ལུགས་	VERB
ཀྱི་	གི་	PART
རང་བཞིན་	རང་བཞིན་	NOUN
མ་	མ་	PART
ཤེས་བཞིན་	ཤེས་བཞིན་	NO_POS
དུ་	ལ་	PART
གནས་	གནས་	NOUN
ལ་	ལ་	PART
།		PUNCT
འདི་	འདི་	DET
ར་	ལ་	PART
ནི་	ནི་	NO_POS
རང་བཞིན་	རང་བཞིན་	NOUN
འོད་གསལ་བ་	འོད་གསལ་བ་	NO_POS
འི་	གི་	PART
གཞི་	གཞི་	NOUN
འི་	གི་	PART
ངོ་བོ་	ངོ་བོ་	NOUN
རྟོགས་པ་	རྟོགས་པ་	VERB
དང་	དང་	NO_POS
།		PUNCT
སེམས་བསྐྱེད་པ་	སེམས་བསྐྱེད་པ་	NOUN
ས་	གིས་	PART
ཟིན་པ་	ཟིན་པ་	VERB
དང་	དང་	NO_POS
།		PUNCT
ཐབས་	ཐབས་	NOUN
དང་	དང་	NO_POS
ཤེས་རབ་	ཤེས་རབ་	NOUN
ཟུང་	ཟུང་	VERB
དུ་	ལ་	PART
འབྲེལ་བ་	འབྲེལ་བ་	VERB
ལ་སོགས་པ་	ལ་སོགས་པ་	NO_POS
འི་	གི་	PART
ཁྱད་པར་	ཁྱད་པར་	NOUN
དུ་མ་	དུ་མ་	ADJ
དང་	དང་	NO_POS
བཅས་པ་	བཅས་པ་	VERB
འོ་	གོ་	PART
། །		PUNCT
དེ་ཡང་	དེ་ཡང་	ADV
བསམ་གཏན་	བསམ་གཏན་	NOUN
བཞི་	བཞི་	NUM
དང་	དང་	NO_POS
གཟུགས་	གཟུགས་	NOUN
མེད་པ་	མེད་པ་	VERB
བཞི་	བཞི་	NUM
ཡང་	ཀྱང་	PART
གཉིས་	གཉིས་	NUM
ཏེ་	སྟེ་	PART
།		PUNCT
འཛིན་པ་	འཛིན་པ་	VERB
འཁོར་བ་	འཁོར་བ་	NOUN
འི་	གི་	PART
སེམས་	སེམས་	NOUN
ཀྱིས་	གིས་	PART
བསྡུས་པ་	བསྡུས་པ་	VERB
ནི་	ནི་	NO_POS
འདི་	འདི་	DET
ར་	ལ་	PART
འགག་	འགག་	VERB
དགོས་	དགོས་	VERB
ལ་	ལ་	PART
།		PUNCT
འཇིག་རྟེན་	འཇིག་རྟེན་	NOUN
ལ་	ལ་	ADP
ས་	གིས་	PART
འདས་པ་	འདས་པ་	VERB
འི་	གི་	PART
བསམ་གཏན་	བསམ་གཏན་	NOUN
གཟུགས་	གཟུགས་	NOUN
མེད་	མེད་	VERB
ནི་	ནི་	NO_POS
ཡང་དག་པ་	ཡང་དག་པ་	ADJ
འི་	གི་	PART
ཡེ་ཤེས་	ཡེ་ཤེས་	NOUN
ཡིན་པ་	ཡིན་པ་	AUX
འི་	གི་	PART
ཕྱི་	ཕྱི་	OTHER
བླང་བ་	བླང་བ་	VERB
ར་	ལ་	PART
བྱ་བ་	བྱ་བ་	VERB
ཡིན་	ཡིན་	NO_POS
ནོ་	གོ་	PART
། །		PUNCT
དེ་ལྟ་	དེ་ལྟ་	NO_POS
ན་	ལ་	PART
འོད་གསལ་བ་	འོད་གསལ་བ་	NO_POS
འི་	གི་	PART
ཡེ་ཤེས་	ཡེ་ཤེས་	NOUN
རིམ་གྱིས་	རིམ་གྱིས་	NO_POS
གོམས་པ་	གོམས་པ་	VERB
ལ་	ལ་	ADP
ས་	གིས་	PART
།		PUNCT
ས་	ས་	ADP
དང་	དང་	NO_POS
ལམ་	གམ་	PART
ཐམས་ཅད་	ཐམས་ཅད་	DET
གོང་	གོང་	NOUN
ན་	ནས་	PART
གོང་	གོང་	NOUN
དུ་	ལ་	PART
བགྲོད་	བགྲོད་	VERB
ཅིང་	ཅིང་	PART
།		PUNCT
སྤྱན་	སྤྱན་	NOUN
དང་	དང་	NO_POS
མངོན་པ་	མངོན་པ་	OTHER
ཤེས་པ་	ཤེས་པ་	VERB
ལ་སོགས་པ་	ལ་སོགས་པ་	NO_POS
རང་ཆས་	རང་ཆས་	NO_POS
སུ་	ལ་	PART
ཡོད་པ་	ཡོད་པ་	VERB
རྣམས་	རྣམས་	DET
འཆར་བ་	འཆར་བ་	VERB
ནི་	ནི་	NO_POS
།		PUNCT
ཆུ་དྭངས་པ་	ཆུ་དྭངས་པ་	OTHER
ལ་	ལ་	ADP
ས་	གིས་	PART
གཟུགས་བརྙན་	གཟུགས་བརྙན་	NOUN
ངང་	ངང་	NOUN
གིས་	གིས་	PART
འཆར་བ་	འཆར་བ་	VERB
བཞིན་	བཞིན་	NOUN
ནོ་	གོ་	PART
། །		PUNCT
དོན་	དོན་	NOUN
གསུམ་པ་	གསུམ་པ་	NUM
འབྲས་བུ་	འབྲས་བུ་	NOUN
ནི་	ནི་	NO_POS
།		PUNCT
དེ་ལྟ་	དེ་ལྟ་	NO_POS
གཞི་ཤེས་	གཞི་ཤེས་	NO_POS
ན་	ནས་	PART
ལམ་	གམ་	PART
བསྒོམས་པ་	བསྒོམས་པ་	VERB
ས་	གིས་	PART
ཁམས་	ཁམས་	NOUN
ལ་	ལ་	PART
སྒྲིབ་པ་	སྒྲིབ་པ་	VERB
འི་	གི་	PART
སེམས་	སེམས་	NOUN
སེམས་བྱུང་	སེམས་བྱུང་	NOUN
གི་	གི་	PART
དྲི་མ་	དྲི་མ་	NOUN
ཆ་	ཆ་	NOUN
དང་	དང་	NO_POS
བཅས་པ་	བཅས་པ་	VERB
དག་	དག་	DET
ན་	ནས་	PART
།		PUNCT
ས་བཅུ་	ས་བཅུ་	NO_POS
རྒྱུན་	རྒྱུན་	NOUN
གྱི་	གི་	PART
ཐ་མ་	ཐ་མ་	ADJ
ར་	ལ་	PART
རྡོ་རྗེ་	རྡོ་རྗེ་	NOUN
ལྟ་བུ་	ལྟ་བུ་	NOUN
འི་	གི་	PART
ཏིང་ངེ་འཛིན་	ཏིང་ངེ་འཛིན་	NOUN
གྱི་	གི་	PART
རྗེས་	རྗེས་	NOUN
ལ་	ལ་	PART
སངས་རྒྱས་	སངས་རྒྱས་	NOUN
ཀྱི་	གི་	PART
ཡེ་ཤེས་	ཡེ་ཤེས་	NOUN
འཆར་བ་	འཆར་བ་	VERB
ནི་	ནི་	NO_POS
ཁམས་	ཁམས་	NOUN
ཉིད་	ཉིད་	DET
དྲི་མ་	དྲི་མ་	NOUN
མཐའ་དག་	མཐའ་དག་	DET
དང་	དང་	NO_POS
བྲལ་བ་	བྲལ་བ་	VERB
ས་	གིས་	PART
བྱང་ཆུབ་	བྱང་ཆུབ་	NOUN
ཏུ་	ལ་	PART
གནས་འགྱུ་	གནས་འགྱུ་	NO_POS
ར་བ་	ར་བ་	PART
ཞེ་	ཅེས་	PART
བྱ་	བྱ་	VERB
འོ་	གོ་	PART
། །		PUNCT
དེ་	དེ་	DET
འི་	གི་	PART
ཚེ་	ཚེ་	NOUN
ཆོ་	ཆོ་	NOUN
ཀྱི་	གི་	PART
སྐུ་	སྐུ་	NOUN
འོད་གསལ་བ་	འོད་གསལ་བ་	NO_POS
སོ་སོ་	སོ་སོ་	PRON
རང་	རང་	PRON
གི་	གི་	PART
རིག་པ་	རིག་པ་	VERB
འི་	གི་	PART
ཡེ་ཤེས་	ཡེ་ཤེས་	NOUN
ཀྱིས་	གིས་	PART
སེམས་	སེམས་	NOUN
འགག་པ་	འགག་པ་	VERB
འི་	གི་	PART
འགོག་པ་	འགོག་པ་	VERB
དམ་པ་	དམ་པ་	VERB
མངོན་དུ་	མངོན་དུ་	NO_POS
མཛད་	མཛད་	VERB
དོ་	གོ་	PART
། །		PUNCT
འཇུག་པ་	འཇུག་པ་	VERB
ལ་	ལ་	ADP
ས་	གིས་	PART
།		PUNCT
ཤེས་བྱ་	ཤེས་བྱ་	VERB
འི་	གི་	PART
བུད་ཤིང་	བུད་ཤིང་	NOUN
སྐམ་པོ་	སྐམ་པོ་	ADJ
མ་ལུས་པ་	མ་ལུས་པ་	OTHER
། །		PUNCT
བསྲེག་པ་	བསྲེག་པ་	VERB
ས་	གིས་	PART
ཞི་	ཞི་	VERB
དེ་	སྟེ་	PART
རྒྱལ་	རྒྱལ་	VERB
རྣམས་	རྣམས་	DET
ཆོས་སྐུ་	ཆོས་སྐུ་	NOUN
སྟེ་	སྟེ་	PART
། །		PUNCT
དེ་	སྟེ་	PART
ཚེ་	ཚེ་	NOUN
སྐྱེ་བ་	སྐྱེ་བ་	VERB
མེད་	མེད་	VERB
ཅིང་	ཅིང་	PART
འགག་པ་	འགག་པ་	VERB
མེད་	མེད་	VERB
། །		PUNCT
སེམས་	སེམས་	NOUN
འགག་པ་	འགག་པ་	VERB
དེ་	སྟེ་	PART
སྐུ་	སྐུ་	NOUN
ཡི་	གིས་	PART
མངོན་སུམ་	མངོན་སུམ་	NOUN
མཛད་	མཛད་	VERB
། །		PUNCT
ཅེས་	ཅེས་	PART
སོ་	གོ་	PART
། །		PUNCT
སྐུ་	སྐུ་	NOUN
དེ་ཡང་	དེ་ཡང་	ADV
རྣམ་པ་	རྣམ་པ་	NOUN
གསུམ་	གསུམ་	NUM
སྟེ་	སྟེ་	PART
།		PUNCT
ཆོ་	ཆོ་	NOUN
ཀྱི་	གི་	PART
སྐུ་	སྐུ་	NOUN
རང་བཞིན་	རང་བཞིན་	NOUN
གྱི་	གི་	PART
འོད་གསལ་བ་	འོད་གསལ་བ་	NO_POS
དང་	དང་	NO_POS
།		PUNCT
ལོངས་སྤྱོད་	ལོངས་སྤྱོད་	NOUN
རྫོགས་པ་	རྫོགས་པ་	VERB
འི་	གི་	PART
སྐུ་	སྐུ་	NOUN
ངེས་པ་	ངེས་པ་	VERB
ལྔ་ལྡན་	ལྔ་ལྡན་	OTHER
དང་	དང་	NO_POS
།		PUNCT
སྤྲུལ་པ་	སྤྲུལ་པ་	VERB
འི་	གི་	PART
སྐུ་	སྐུ་	NOUN
གདུལ་བྱ་	གདུལ་བྱ་	NOUN
སོ་སོ་	སོ་སོ་	PRON
འི་	གི་	PART
མོས་པ་	མོས་པ་	VERB
ལྟ་	ལྟ་	OTHER
གང་	གང་	NO_POS
ལ་	ལ་	PART
གང་	གང་	NO_POS
འདུལ་	འདུལ་	NO_POS
དུ་	ལ་	PART
སྣང་བ་	སྣང་བ་	VERB
སྟེ་	སྟེ་	PART
།		PUNCT
ཡིད་བཞིན་	ཡིད་བཞིན་	OTHER
གྱི་	གི་	PART
ནོར་བུ་	ནོར་བུ་	NOUN
ཡོན་ཏན་	ཡོན་ཏན་	NOUN
ལྷུན་	ལྷུན་	NOUN
གྱིས་	གིས་	PART
གྲུབ་པ་	གྲུབ་པ་	VERB
།		PUNCT
འཁོར་བ་	འཁོར་བ་	NOUN
ཇི་སྲིད་	ཇི་སྲིད་	PRON
བ་	བ་	NOUN
འགྲོ་བ་	འགྲོ་བ་	VERB
འི་	གི་	PART
དོན་	དོན་	NOUN
གཉིས་	གཉིས་	NUM
ལྷུན་	ལྷུན་	NOUN
གྱིས་	གིས་	PART
གྲུབ་པ་	གྲུབ་པ་	VERB
འི་	གི་	PART
ཕྲིན་ལས་	ཕྲིན་ལས་	NOUN
འབྱུང་བ་	འབྱུང་བ་	VERB
འདི་	འདི་	DET
ནི་	ནི་	NO_POS
སྤྲོས་པ་	སྤྲོས་པ་	VERB
ཐམས་ཅད་	ཐམས་ཅད་	DET
དང་	དང་	NO_POS
བྲལ་བ་	བྲལ་བ་	VERB
འི་	གི་	PART
ཡེ་ཤེས་	ཡེ་ཤེས་	NOUN
ཀྱི་	གི་	PART
སྐུ་	སྐུ་	NOUN
ལ་	ལ་	PART
སྣང་	སྣང་	VERB
ཞིང་	ཅིང་	PART
མངོན་དུ་	མངོན་དུ་	NO_POS
མཛད་པ་	མཛད་པ་	VERB
ནི་	ནི་	NO_POS
།		PUNCT
དེ་ཉིད་	དེ་ཉིད་	NOUN
ལ་	ལ་	ADP
ས་	གིས་	PART
།		PUNCT
ཞི་	ཞི་	VERB
སྐུ་	སྐུ་	NOUN
དཔག་བསམ་	དཔག་བསམ་	OTHER
ཤིང་	ཅིང་	PART
ལྟ་	ལྟ་	OTHER
གསལ་	གསལ་	VERB
གྱུར་	གྱུར་	VERB
ཅིང་	ཅིང་	PART
། །		PUNCT
ཡིད་བཞིན་	ཡིད་བཞིན་	OTHER
ནོར་བུ་	ནོར་བུ་	NOUN
ཇི་བཞིན་	ཇི་བཞིན་	OTHER
རྣམ་	རྣམ་	NOUN
མི་	མི་	PART
རྟོག་	རྟོག་	VERB
།		PUNCT
འགྲོ་	འགྲོ་	VERB
གྲོལ་བ་	གྲོལ་བ་	VERB
ར་	ལ་	PART
དུ་	ལ་	PART
འཇིག་རྟེན་	འཇིག་རྟེན་	NOUN
འབྱོར་	འབྱོར་	VERB
སླད་	སླད་	NOUN
རྟག་	རྟག་	VERB
།		PUNCT
འདི་	འདི་	DET
ནི་	ནི་	NO_POS
སྤྲོས་	སྤྲོས་	VERB
དང་	དང་	NO_POS
བྲལ་	བྲལ་	VERB
ལ་	ལ་	PART
སྣང་བ་	སྣང་བ་	VERB
ཡིན་	ཡིན་	NO_POS
། །		PUNCT
ཞེ་	ཅེས་	PART
སོ་	གོ་	PART
། །		PUNCT
དེ་	དེ་	DET
འང་	ཀྱང་	PART
སངས་རྒྱས་པ་	སངས་རྒྱས་པ་	NOUN
འི་	གི་	PART
ཚེ་	ཚེ་	NOUN
སེམས་	སེམས་	NOUN
དང་སེམས་	དང་སེམས་	NO_POS
བྱུང་	བྱུང་	VERB
འགག་	འགག་	VERB
ས་	གིས་	PART
ཀྱང་	ཀྱང་	PART
།		PUNCT
ཡེ་ཤེས་	ཡེ་ཤེས་	NOUN
མི་	མི་	PART
འགག་པ་	འགག་པ་	VERB
ས་	གིས་	PART
བེམས་	བེམས་	NO_POS
སྟོང་	སྟོང་	NUM
ནམ་མཁའ་	ནམ་མཁའ་	NOUN
ལྟ་བུ་	ལྟ་བུ་	NOUN
མ་	མ་	PART
ཡིན་	ཡིན་	NO_POS
ཏེ་	སྟེ་	PART
།		PUNCT
སྤངས་པ་	སྤངས་པ་	VERB
འི་	གི་	PART
ཡོན་ཏན་	ཡོན་ཏན་	NOUN
སྒྲིབ་པ་	སྒྲིབ་པ་	VERB
ཐམས་ཅད་	ཐམས་ཅད་	DET
དང་	དང་	NO_POS
བྲལ་	བྲལ་	VERB
ཞིང་	ཅིང་	PART
།		PUNCT
རྟོགས་པ་	རྟོགས་པ་	VERB
འི་	གི་	PART
ཡོན་ཏན་	ཡོན་ཏན་	NOUN
སྟོབས་	སྟོབས་	NOUN
བཅུ་	བཅུ་	NUM
དང་	དང་	NO_POS
།		PUNCT
མི་	མི་	PART
འཇིགས་པ་	འཇིགས་པ་	VERB
བཞི་	བཞི་	NUM
དང་	དང་	NO_POS
།		PUNCT
སོ་སོ་	སོ་སོ་	PRON
ཡང་དག་པ་	ཡང་དག་པ་	ADJ
འི་	གི་	PART
རིག་པ་	རིག་པ་	VERB
བཞི་	བཞི་	NUM
དང་	དང་	NO_POS
།		PUNCT
དབང་	དབང་	NOUN
བཅུ་	བཅུ་	NUM
ལ་སོགས་པ་	ལ་སོགས་པ་	NO_POS
བསམ་	བསམ་	NOUN
གྱིས་	གིས་	PART
མི་	མི་	PART
ཁྱབ་པ་	ཁྱབ་པ་	VERB
འི་	གི་	PART
མཁྱེན་	མཁྱེན་	VERB
རབས་	རབས་	NOUN
དང་	དང་	NO_POS
ཐུགས་རྗེ་	ཐུགས་རྗེ་	NOUN
ས་	གིས་	PART
སེམས་ཅན་	སེམས་ཅན་	NOUN
གྱི་	གི་	PART
དོན་	དོན་	NOUN
མཛད་	མཛད་	VERB
ཅིང་	ཅིང་	PART
།		PUNCT
འདུས་མ་བྱས་	འདུས་མ་བྱས་	NO_POS
ཤིང་	ཅིང་	PART
ལྷུན་	ལྷུན་	NOUN
གྱིས་	གིས་	PART
གྲུབ་པ་	གྲུབ་པ་	VERB
ནི་	ནི་	NO_POS
ཁམས་	ཁམས་	NOUN
ལ་	ལ་	PART
ཡོན་ཏན་	ཡོན་ཏན་	NOUN
ཡེ་	ཡེ་	ADV
ལྡན་	ལྡན་	VERB
དུ་ཡོད་པ་	དུ་ཡོད་པ་	NO_POS
འི་	གི་	PART
ནུས་པ་	ནུས་པ་	VERB
མངོན་དུ་	མངོན་དུ་	NO_POS
གྱུར་པ་	གྱུར་པ་	VERB
སྟེ་	སྟེ་	PART
།		PUNCT
རྒྱུད་བླ་མ་	རྒྱུད་བླ་མ་	PROPN
ལ་	ལ་	ADP
ས་	གིས་	PART
།		PUNCT
འདུས་མ་བྱས་	འདུས་མ་བྱས་	NO_POS
ཤིང་	ཅིང་	PART
ལྷུན་	ལྷུན་	NOUN
གྱིས་	གིས་	PART
གྲུབ་	གྲུབ་	VERB
། །		PUNCT
གཞན་	གཞན་	DET
གྱིས་	གིས་	PART
རྐྱེན་	རྐྱེན་	NOUN
གྱིས་	གིས་	PART
རྟོགས་	རྟོགས་	VERB
མིན་	མིན་	AUX
དང་	དང་	NO_POS
། །		PUNCT
མཁྱེན་	མཁྱེན་	VERB
དང་	དང་	NO_POS
བརྩེ་	བརྩེ་	NO_POS
དང་	དང་	NO_POS
ནུས་པ་	ནུས་པ་	VERB
ལྡན་	ལྡན་	VERB
། །		PUNCT
དོན་	དོན་	NOUN
གཉིས་	གཉིས་	NUM
ལྡན་པ་	ལྡན་པ་	VERB
འི་	གི་	PART
སངས་རྒྱས་	སངས་རྒྱས་	NOUN
ཉིད་	ཉིད་	DET
། །		PUNCT
ཅེས་	ཅེས་	PART
སོ་	གོ་	PART
། །		PUNCT
མདོར་ན་	མདོར་ན་	NO_POS
འོད་གསལ་བ་	འོད་གསལ་བ་	NO_POS
འི་	གི་	PART
ཁམས་	ཁམས་	NOUN
ཀྱི་	གི་	PART
ནུས་པ་	ནུས་པ་	VERB
རྫོགས་པ་	རྫོགས་པ་	VERB
འི་	གི་	PART
བྱང་ཆུབ་	བྱང་ཆུབ་	NOUN
ཅེས་བྱ་བ་	ཅེས་བྱ་བ་	NO_POS
ནི་	ནི་	NO_POS
འབྲས་བུ་	འབྲས་བུ་	NOUN
འོ་	གོ་	PART
"།

།"		PUNCT
འདི་དག་	འདི་དག་	NO_POS
གི་	གི་	PART
རྣམ་པ་	རྣམ་པ་	NOUN
ར་	ལ་	PART
བཞག་པ་	བཞག་པ་	VERB
རྒྱས་པ་	རྒྱས་པ་	VERB
ར་	ལ་	PART
ནི་	ནི་	NO_POS
།		PUNCT
ཁོ་བོ་	ཁོ་བོ་	PRON
ས་	གིས་	PART
བྱས་པ་	བྱས་པ་	VERB
འི་	གི་	PART
བསྟན་བཅོས་	བསྟན་བཅོས་	NOUN
ངེས་དོན་	ངེས་དོན་	NOUN
ཤིང་རྟ་	ཤིང་རྟ་	NOUN
ཆེན་པོ་	ཆེན་པོ་	ADJ
ར་	ལ་	PART
བལྟ་བ་	བལྟ་བ་	VERB
ར་	ལ་	PART
བྱ་	བྱ་	VERB
འོ་	གོ་	PART
།། །།		PUNCT
དེ་ལྟ་	དེ་ལྟ་	NO_POS
གཞི་	གཞི་	NOUN
ལམ་	གམ་	PART
འབྲས་བུ་	འབྲས་བུ་	NOUN
འི་	གི་	PART
དོན་བསྡུས་པ་	དོན་བསྡུས་པ་	NOUN
།		PUNCT
ཅུང་ཟད་	ཅུང་ཟད་	ADV
གསལ་བ་	གསལ་བ་	VERB
ར་	ལ་	PART
བྱས་པ་	བྱས་པ་	VERB
འི་	གི་	PART
དགེ་བ་	དགེ་བ་	VERB
དེ་	དེ་	DET
ས་	གིས་	PART
། །		PUNCT
མ་	མ་	PART
ལུས་	ལུས་	NOUN
འགྲོ་	འགྲོ་	VERB
ཀུན་	ཀུན་	DET
འོད་གསལ་	འོད་གསལ་	NOUN
དོན་	དོན་	NOUN
རྟོགས་	རྟོགས་	VERB
ན་	ནས་	PART
། །		PUNCT
དོན་	དོན་	NOUN
གཉིས་	གཉིས་	NUM
ལྷུན་གྲུབ་	ལྷུན་གྲུབ་	OTHER
ཆོ་	ཆོ་	NOUN
གྱི་	གི་	PART
རྒྱལ་པོ་	རྒྱལ་པོ་	NOUN
ར་	ལ་	PART
ཤོག་	ཤོག་	VERB
།		PUNCT
བློ་གྲོས་	བློ་གྲོས་	NOUN
ཆུ་གཏེར་	ཆུ་གཏེར་	OTHER
ཡངས་པ་	ཡངས་པ་	ADJ
འི་	གི་	PART
མཚོ་	མཚོ་	NOUN
གླིང་	གླིང་	NOUN
ན་	ལ་	PART
། །		PUNCT
བསླབ་	བསླབ་	VERB
གསུམ་	གསུམ་	NUM
ཀླུ་དབང་	ཀླུ་དབང་	OTHER
རིན་ཆེན་	རིན་ཆེན་	OTHER
གདེང་	གདེང་	NOUN
ཀ་	ཀ་	DET
ས་	གིས་	PART
མཛེ་	མཛེ་	VERB
། །		PUNCT
ཆོ་	ཆོ་	NOUN
དཀ་	དཀའ་	VERB
ར་	ལ་	PART
ཡོན་ཏན་	ཡོན་ཏན་	NOUN
གྲགས་པ་	གྲགས་པ་	VERB
བཟང་པོ་	བཟང་པོ་	ADJ
ཅན་	ཅན་	PART
། །		PUNCT
བསྟན་པ་	བསྟན་པ་	VERB
འི་	གི་	PART
གསལ་བྱེད་	གསལ་བྱེད་	NOUN
ཡུན་	ཡུན་	NOUN
དུ་	ལ་	PART
གནས་	གནས་	NOUN
གྱུར་ཅིག་	གྱུར་ཅིག་	NO_POS
།		PUNCT
ལུང་	ལུང་	NOUN
རིག་	རིག་	VERB
མན་ངག་	མན་ངག་	NOUN
སྙིང་པོ་	སྙིང་པོ་	NOUN
འི་	གི་	PART
བཅུད་	བཅུད་	NOUN
བསྡུ་	བསྡུ་	VERB
ཏེ་	སྟེ་	PART
། །		PUNCT
ཇི་ལྟ་		
སྤོབས་	སྤོབས་	VERB
བཞིན་	བཞིན་	NOUN
གསལ་བ་	གསལ་བ་	VERB
ར་	ལ་	PART
བྱས་པ་	བྱས་པ་	VERB
དེ་	དེ་	DET
ས་	གིས་	PART
། །		PUNCT
མ་	མ་	PART
ལུས་	ལུས་	NOUN
འགྲོ་	འགྲོ་	VERB
ཀུན་	ཀུན་	DET
ཐར་པ་	ཐར་པ་	VERB
འི་	གི་	PART
ལམ་བགྲོད་	ལམ་བགྲོད་	NOUN
དེ་	སྟེ་	PART
། །		PUNCT
དཔལ་ལྡན་	དཔལ་ལྡན་	ADJ
དོན་	དོན་	NOUN
གཉིས་	གཉིས་	NUM
ལྷུན་	ལྷུན་	NOUN
གྱིས་	གིས་	PART
གྲུབ་པ་	གྲུབ་པ་	VERB
ར་	ལ་	PART
ཤོག་	ཤོག་	VERB
།		PUNCT
དམ་པ་	དམ་པ་	VERB
ཁྱེད་	ཁྱེད་	PRON
དང་	དང་	NO_POS
མཇལ་བ་	མཇལ་བ་	VERB
ར་	ལ་	PART
སྤྲོ་	སྤྲོ་	NO_POS
ན་	ལ་	PART
ཡང་	ཀྱང་	PART
། །		PUNCT
དུས་	དུས་	NOUN
དང་	དང་	NO_POS
གནས་	གནས་	NOUN
ཀྱིས་	གིས་	PART
ཅུང་ཟད་	ཅུང་ཟད་	ADV
བསྐལ་བ་	བསྐལ་བ་	NOUN
ར་	ལ་	PART
གྱུར་	གྱུར་	VERB
། །		PUNCT
ཕྱི་དུས་	ཕྱི་དུས་	ADV
ཡོན་ཏན་	ཡོན་ཏན་	NOUN
འབྱོར་པ་	འབྱོར་པ་	NOUN
ས་	གིས་	PART
ཡོན་	ཡོན་	NOUN
གང་བ་	གང་བ་	VERB
འི་	གི་	PART
། །		PUNCT
དག་པ་	དག་པ་	VERB
འི་	གི་	PART
ཞིང་	ཅིང་	PART
དུ་	ལ་	PART
ལྷན་ཅིག་	ལྷན་ཅིག་	OTHER
མཇལ་བ་	མཇལ་བ་	VERB
ར་	ལ་	PART
སྨོན་	སྨོན་	VERB
། །		PUNCT
དམ་པ་	དམ་པ་	VERB
ཁྱེད་	ཁྱེད་	PRON
ཀྱིས་	གིས་	PART
དྲིས་པ་	དྲིས་པ་	VERB
འི་	གི་	PART
ལན་	ལན་	NOUN
འདི་	འདི་	DET
ནི་	ནི་	NO_POS
། །		PUNCT
རྟོགས་དཀ་	རྟོགས་དཀའ་	NO_POS
འི་	གི་	PART
གནས་	གནས་	NOUN
ཏེ་	སྟེ་	PART
འོན་ཀྱང་	འོན་ཀྱང་	NO_POS
ཆ་ཤས་	ཆ་ཤས་	NOUN
ཙམ་	ཙམ་	DET
། །		PUNCT
ཇི་ལྟ་		
ནུས་	ནུས་	VERB
ཤིང་ཁོ་	ཤིང་ཁོ་	NO_POS
བོ་	བོ་	VERB
ངེས་པ་	ངེས་པ་	VERB
འི་	གི་	PART
གནས་	གནས་	NOUN
། །		PUNCT
ཡི་གེ་	ཡི་གེ་	NOUN
ར་	ལ་	PART
བཀོད་	བཀོད་	VERB
ན་	ནས་	PART
ཕྱག་	ཕྱག་	NOUN
ཏུ་	ལ་	PART
གུས་པ་	གུས་པ་	VERB
ས་	གིས་	PART
འབུལ་	འབུལ་	NO_POS
། །		PUNCT
སེམས་	སེམས་	NOUN
དང་	དང་	NO_POS
ཡེ་ཤེས་	ཡེ་ཤེས་	NOUN
བརྟགས་པ་	བརྟགས་པ་	VERB
འི་	གི་	PART
མན་ངག་	མན་ངག་	NOUN
ཅེས་བྱ་བ་	ཅེས་བྱ་བ་	NO_POS
། །		PUNCT
གངས་རི་	གངས་རི་	NOUN
ཐོད་	ཐོད་	NOUN
དཀ་	དཀའ་	VERB
ར་	ལ་	PART
ན་	ནས་	PART
ཆོ་	ཆོ་	NOUN
སྨྲ་བ་	སྨྲ་བ་	VERB
འི་	གི་	PART
བསམ་གཏན་པ་	བསམ་གཏན་པ་	NOUN
ཚུལ་ཁྲིམས་	ཚུལ་ཁྲིམས་	NOUN
བློ་གྲོས་	བློ་གྲོས་	NOUN
ཀྱིས་	གིས་	PART
།		PUNCT
སློབ་དཔོན་	སློབ་དཔོན་	NOUN
ཆོས་གྲགས་	ཆོས་གྲགས་	PROPN
བཟང་པོ་	བཟང་པོ་	ADJ
འི་	གི་	PART
ཕྱག་	ཕྱག་	NOUN
ཏུ་	ལ་	PART
ཕུལ་བ་	ཕུལ་བ་	VERB
ཕྱོགས་	ཕྱོགས་	NOUN
དུས་	དུས་	NOUN
གནས་སྐབས་	གནས་སྐབས་	NOUN
ཐམས་ཅད་	ཐམས་ཅད་	DET
དུ་	ལ་	PART
འཇིག་རྟེན་	འཇིག་རྟེན་	NOUN
དང་	དང་	NO_POS
འཇིག་རྟེན་	འཇིག་རྟེན་	NOUN
ལ་	ལ་	ADP
ས་	གིས་	PART
འདས་པ་	འདས་པ་	VERB
འི་	གི་	PART
དཔལ་	དཔལ་	OTHER
ཕུན་སུམ་	ཕུན་སུམ་	OTHER
ཚོགས་པ་	ཚོགས་པ་	VERB
ར་	ལ་	PART
མངའ་དབང་	མངའ་དབང་	NO_POS
འབྱོར་	འབྱོར་	VERB
ཞིང་	ཅིང་	PART
།		PUNCT
འགྲོ་བ་	འགྲོ་བ་	VERB
ཐམས་ཅད་	ཐམས་ཅད་	DET
ཀྱི་	གི་	PART
དཀར་པོ་	དཀར་པོ་	ADJ
རྣམ་པ་	རྣམ་པ་	NOUN
ར་	ལ་	PART
འཕེལ་བ་	འཕེལ་བ་	VERB
ས་	གིས་	PART
ཐར་པ་	ཐར་པ་	VERB
ཆེན་པོ་	ཆེན་པོ་	ADJ
འི་	གི་	PART
གྲོང་ཁྱེར་	གྲོང་ཁྱེར་	NOUN
མཆོག་	མཆོག་	ADJ
ཏུ་	ལ་	PART
འབད་པ་	འབད་པ་	VERB
མེད་པ་	མེད་པ་	VERB
ར་	ལ་	PART
ཕྱིན་པ་	ཕྱིན་པ་	VERB
ར་	ལ་	PART
གྱུར་ཅིག་	གྱུར་ཅིག་	NO_POS
།		PUNCT
སརྦ་	སརྦ་	NO_POS
མངྒ་		NON_WORD
ལཾ་		NON_WORD
།།		PUNCT
དགེ་	དགེ་	NOUN
འོ་	གོ་	PART
།།		PUNCT
དགེ་	དགེ་	NOUN
འོ་	གོ་	PART
།།		PUNCT
མེས་པོ་	མེས་པོ་	NOUN
འི་	གི་	PART
ཤུལ་	ཤུལ་	NOUN
བཞག་	བཞག་	VERB
ལ་	ལ་	ADP
ས་	གིས་	PART
།		PUNCT
ཀློང་ཆེན་	ཀློང་ཆེན་	PROPN
རབ་འབྱམས་	རབ་འབྱམས་	ADJ
ཀྱི་	གི་	PART
གསུང་འབུམ་	གསུང་འབུམ་	NOUN
། ༼		PUNCT
		
༽		PUNCT
སེམས་	སེམས་	NOUN
དང་	དང་	NO_POS
ཡེ་ཤེས་	ཡེ་ཤེས་	NOUN
ཀྱི་	གི་	PART
དྲིས་ལན་	དྲིས་ལན་	NOUN
།		PUNCT
		
